Title,Company,Location,Salary,Summary
Data Scientist,Google,"Austin, TX",Not listed,Familiar with machine learning and statistics.
Data Scientist,Microsoft,Remote,"$100,000+","Must know Excel, Tableau, and Power BI."
Business Analyst,Google,Remote,"$60,000 - $80,000",Strong communication and analytical thinking.
Business Analyst,IBM,"New York, NY","$70,000 - $90,000","Must know Excel, Tableau, and Power BI."
Data Analyst,Amazon,"Austin, TX","$70,000 - $90,000",Familiar with machine learning and statistics.
Business Analyst,Netflix,"New York, NY",Not listed,Looking for someone with experience in Python and SQL.
ML Engineer,Amazon,"Chicago, IL",Not listed,Familiar with machine learning and statistics.
ML Engineer,Microsoft,"Austin, TX","$60,000 - $80,000",Familiar with machine learning and statistics.
Data Analyst,IBM,"Austin, TX","$70,000 - $90,000",Familiar with machine learning and statistics.
Business Analyst,Facebook,"Chicago, IL","$70,000 - $90,000",Looking for someone with experience in Python and SQL.
ML Engineer,Netflix,"Austin, TX",Not listed,Looking for someone with experience in Python and SQL.
Data Scientist,Netflix,"San Francisco, CA","$60,000 - $80,000",Looking for someone with experience in Python and SQL.
Data Scientist,Microsoft,"New York, NY",Not listed,Looking for someone with experience in Python and SQL.
Business Analyst,Google,"Chicago, IL","$100,000+","Need R, AWS, and cloud experience."
Business Analyst,Google,"Chicago, IL","$100,000+",Familiar with machine learning and statistics.
Data Scientist,Facebook,"Chicago, IL","$100,000+","Need R, AWS, and cloud experience."
Data Scientist,Google,"San Francisco, CA",Not listed,"Must know Excel, Tableau, and Power BI."
Business Analyst,Netflix,"San Francisco, CA","$60,000 - $80,000",Looking for someone with experience in Python and SQL.
Data Analyst,Google,"Chicago, IL","$100,000+",Looking for someone with experience in Python and SQL.
Data Scientist,Amazon,"Chicago, IL","$100,000+",Looking for someone with experience in Python and SQL.
Data Scientist,Microsoft,"New York, NY",Not listed,Familiar with machine learning and statistics.
ML Engineer,Microsoft,"Chicago, IL","$100,000+","Need R, AWS, and cloud experience."
Business Analyst,Microsoft,"New York, NY","$100,000+","Need R, AWS, and cloud experience."
Business Analyst,IBM,"San Francisco, CA","$70,000 - $90,000",Looking for someone with experience in Python and SQL.
Data Analyst,Netflix,"New York, NY","$70,000 - $90,000",Looking for someone with experience in Python and SQL.
Data Scientist,Netflix,"New York, NY",Not listed,Looking for someone with experience in Python and SQL.
ML Engineer,IBM,"New York, NY",Not listed,Strong communication and analytical thinking.
Data Analyst,IBM,Remote,Not listed,Strong communication and analytical thinking.
Business Analyst,Microsoft,Remote,Not listed,"Need R, AWS, and cloud experience."
Data Analyst,Microsoft,Remote,"$70,000 - $90,000",Strong communication and analytical thinking.
Business Analyst,Amazon,"Austin, TX","$70,000 - $90,000",Strong communication and analytical thinking.
ML Engineer,Amazon,"Austin, TX","$60,000 - $80,000",Looking for someone with experience in Python and SQL.
Data Scientist,Facebook,"Austin, TX","$70,000 - $90,000","Must know Excel, Tableau, and Power BI."
Data Analyst,Netflix,"Chicago, IL","$60,000 - $80,000",Strong communication and analytical thinking.
Business Analyst,Google,Remote,Not listed,Looking for someone with experience in Python and SQL.
Business Analyst,IBM,"Chicago, IL","$100,000+","Must know Excel, Tableau, and Power BI."
ML Engineer,Netflix,"Austin, TX","$60,000 - $80,000",Familiar with machine learning and statistics.
ML Engineer,IBM,"Austin, TX","$70,000 - $90,000",Familiar with machine learning and statistics.
Data Analyst,IBM,Remote,"$100,000+","Must know Excel, Tableau, and Power BI."
Data Analyst,Facebook,"New York, NY","$100,000+","Must know Excel, Tableau, and Power BI."
Data Scientist,Amazon,"San Francisco, CA","$100,000+","Must know Excel, Tableau, and Power BI."
Data Analyst,Microsoft,Remote,Not listed,Looking for someone with experience in Python and SQL.
ML Engineer,Facebook,"New York, NY","$70,000 - $90,000","Need R, AWS, and cloud experience."
ML Engineer,IBM,Remote,"$60,000 - $80,000",Strong communication and analytical thinking.
Data Analyst,Facebook,Remote,"$100,000+","Need R, AWS, and cloud experience."
Data Scientist,IBM,Remote,Not listed,"Must know Excel, Tableau, and Power BI."
Business Analyst,Amazon,"Chicago, IL",Not listed,"Must know Excel, Tableau, and Power BI."
Data Scientist,Facebook,"New York, NY",Not listed,"Must know Excel, Tableau, and Power BI."
Business Analyst,Netflix,"San Francisco, CA","$70,000 - $90,000","Need R, AWS, and cloud experience."
Data Scientist,Amazon,Remote,"$60,000 - $80,000","Need R, AWS, and cloud experience."
Data Scientist,IBM,"San Francisco, CA","$60,000 - $80,000",Familiar with machine learning and statistics.
Data Analyst,IBM,Remote,"$70,000 - $90,000","Must know Excel, Tableau, and Power BI."
Business Analyst,Google,Remote,Not listed,Looking for someone with experience in Python and SQL.
Business Analyst,IBM,"Chicago, IL","$100,000+",Strong communication and analytical thinking.
Business Analyst,Microsoft,"New York, NY","$60,000 - $80,000",Strong communication and analytical thinking.
ML Engineer,IBM,Remote,"$60,000 - $80,000",Looking for someone with experience in Python and SQL.
Business Analyst,Netflix,"Chicago, IL","$60,000 - $80,000",Strong communication and analytical thinking.
Data Analyst,Netflix,"San Francisco, CA","$70,000 - $90,000","Must know Excel, Tableau, and Power BI."
Business Analyst,IBM,"Chicago, IL","$70,000 - $90,000","Need R, AWS, and cloud experience."
ML Engineer,IBM,"New York, NY",Not listed,Familiar with machine learning and statistics.
Data Analyst,IBM,"Austin, TX",Not listed,Strong communication and analytical thinking.
Business Analyst,Amazon,"Chicago, IL","$70,000 - $90,000","Must know Excel, Tableau, and Power BI."
Data Analyst,Netflix,"San Francisco, CA","$100,000+",Familiar with machine learning and statistics.
ML Engineer,Amazon,"Chicago, IL","$70,000 - $90,000",Looking for someone with experience in Python and SQL.
Business Analyst,Amazon,"Chicago, IL","$70,000 - $90,000","Must know Excel, Tableau, and Power BI."
ML Engineer,Amazon,"New York, NY",Not listed,"Must know Excel, Tableau, and Power BI."
Data Scientist,Microsoft,"New York, NY","$60,000 - $80,000","Need R, AWS, and cloud experience."
ML Engineer,Netflix,Remote,Not listed,Looking for someone with experience in Python and SQL.
Business Analyst,Amazon,"Chicago, IL","$100,000+",Strong communication and analytical thinking.
Data Scientist,IBM,Remote,Not listed,"Must know Excel, Tableau, and Power BI."
Data Scientist,Netflix,"Austin, TX","$70,000 - $90,000",Looking for someone with experience in Python and SQL.
Data Analyst,Google,"Austin, TX","$60,000 - $80,000","Need R, AWS, and cloud experience."
Data Analyst,Google,Remote,"$70,000 - $90,000",Looking for someone with experience in Python and SQL.
Data Analyst,Google,"Austin, TX",Not listed,Strong communication and analytical thinking.
Business Analyst,Microsoft,"New York, NY","$60,000 - $80,000","Must know Excel, Tableau, and Power BI."
Data Analyst,Google,"San Francisco, CA","$60,000 - $80,000","Must know Excel, Tableau, and Power BI."
ML Engineer,IBM,"Austin, TX","$60,000 - $80,000","Need R, AWS, and cloud experience."
Data Analyst,Netflix,"Chicago, IL","$100,000+",Familiar with machine learning and statistics.
ML Engineer,Facebook,Remote,"$60,000 - $80,000",Familiar with machine learning and statistics.
Business Analyst,Netflix,"Chicago, IL","$60,000 - $80,000",Looking for someone with experience in Python and SQL.
ML Engineer,Netflix,"Austin, TX","$100,000+","Must know Excel, Tableau, and Power BI."
ML Engineer,Netflix,"Chicago, IL","$100,000+",Looking for someone with experience in Python and SQL.
Data Scientist,Google,"Austin, TX","$60,000 - $80,000",Looking for someone with experience in Python and SQL.
Business Analyst,Netflix,"San Francisco, CA","$100,000+","Need R, AWS, and cloud experience."
Data Analyst,Facebook,"Austin, TX",Not listed,"Must know Excel, Tableau, and Power BI."
Data Analyst,Facebook,"San Francisco, CA","$100,000+",Familiar with machine learning and statistics.
ML Engineer,Netflix,Remote,"$60,000 - $80,000",Strong communication and analytical thinking.
ML Engineer,Google,"Chicago, IL","$100,000+","Must know Excel, Tableau, and Power BI."
ML Engineer,Facebook,"Chicago, IL","$60,000 - $80,000",Looking for someone with experience in Python and SQL.
Business Analyst,Netflix,"New York, NY","$60,000 - $80,000",Looking for someone with experience in Python and SQL.
Data Scientist,IBM,"New York, NY","$60,000 - $80,000","Must know Excel, Tableau, and Power BI."
Data Analyst,Netflix,Remote,Not listed,"Need R, AWS, and cloud experience."
Data Scientist,Facebook,Remote,Not listed,"Need R, AWS, and cloud experience."
Data Analyst,Amazon,"Chicago, IL","$100,000+","Must know Excel, Tableau, and Power BI."
ML Engineer,Facebook,"Austin, TX",Not listed,Strong communication and analytical thinking.
Data Scientist,Facebook,"New York, NY","$70,000 - $90,000",Familiar with machine learning and statistics.
Data Analyst,Amazon,"New York, NY",Not listed,Strong communication and analytical thinking.
Data Scientist,Amazon,"Austin, TX","$70,000 - $90,000",Strong communication and analytical thinking.
Data Analyst,Amazon,Remote,"$60,000 - $80,000",Familiar with machine learning and statistics.
Data Analyst,Google,"Austin, TX",Not listed,Familiar with machine learning and statistics.
Data Analyst,Facebook,"New York, NY","$100,000+",Looking for someone with experience in Python and SQL.
Data Scientist,Microsoft,"Austin, TX","$100,000+","Must know Excel, Tableau, and Power BI."
Data Analyst,Microsoft,"San Francisco, CA","$60,000 - $80,000",Strong communication and analytical thinking.
Data Analyst,Netflix,"San Francisco, CA",Not listed,"Must know Excel, Tableau, and Power BI."
Data Analyst,Google,"New York, NY","$100,000+",Familiar with machine learning and statistics.
Data Analyst,Amazon,"Chicago, IL","$100,000+",Strong communication and analytical thinking.
Business Analyst,Google,"San Francisco, CA",Not listed,"Must know Excel, Tableau, and Power BI."
Business Analyst,Google,"Austin, TX",Not listed,Strong communication and analytical thinking.
Data Scientist,Amazon,Remote,"$60,000 - $80,000",Familiar with machine learning and statistics.
Data Scientist,IBM,Remote,Not listed,Familiar with machine learning and statistics.
Data Analyst,Google,"Chicago, IL","$60,000 - $80,000",Familiar with machine learning and statistics.
ML Engineer,IBM,"San Francisco, CA",Not listed,"Must know Excel, Tableau, and Power BI."
ML Engineer,Netflix,"Chicago, IL",Not listed,Familiar with machine learning and statistics.
ML Engineer,Facebook,Remote,"$70,000 - $90,000","Must know Excel, Tableau, and Power BI."
Data Analyst,Facebook,"San Francisco, CA","$60,000 - $80,000",Familiar with machine learning and statistics.
ML Engineer,Microsoft,"San Francisco, CA","$60,000 - $80,000",Strong communication and analytical thinking.
ML Engineer,Microsoft,"San Francisco, CA",Not listed,"Must know Excel, Tableau, and Power BI."
Data Analyst,Google,"New York, NY","$100,000+","Need R, AWS, and cloud experience."
Business Analyst,IBM,"Austin, TX","$60,000 - $80,000","Must know Excel, Tableau, and Power BI."
ML Engineer,Facebook,"Chicago, IL","$100,000+",Familiar with machine learning and statistics.
Data Analyst,Netflix,"Austin, TX","$70,000 - $90,000","Must know Excel, Tableau, and Power BI."
Data Analyst,Facebook,Remote,"$70,000 - $90,000","Must know Excel, Tableau, and Power BI."
Business Analyst,Google,"Chicago, IL","$70,000 - $90,000","Must know Excel, Tableau, and Power BI."
Business Analyst,Facebook,"Austin, TX","$70,000 - $90,000","Need R, AWS, and cloud experience."
Business Analyst,Google,"New York, NY","$60,000 - $80,000","Must know Excel, Tableau, and Power BI."
Data Analyst,Facebook,Remote,"$60,000 - $80,000",Familiar with machine learning and statistics.
Data Analyst,IBM,"Chicago, IL","$70,000 - $90,000","Must know Excel, Tableau, and Power BI."
Business Analyst,Google,"New York, NY","$70,000 - $90,000",Strong communication and analytical thinking.
Data Analyst,Microsoft,"San Francisco, CA","$70,000 - $90,000",Looking for someone with experience in Python and SQL.
Business Analyst,Google,"San Francisco, CA","$100,000+",Strong communication and analytical thinking.
Business Analyst,Google,"Austin, TX","$100,000+",Familiar with machine learning and statistics.
Data Analyst,Microsoft,"Austin, TX",Not listed,"Need R, AWS, and cloud experience."
Data Scientist,Amazon,"San Francisco, CA","$60,000 - $80,000","Must know Excel, Tableau, and Power BI."
Data Analyst,Netflix,"Austin, TX","$70,000 - $90,000",Looking for someone with experience in Python and SQL.
ML Engineer,Microsoft,"Austin, TX","$100,000+","Must know Excel, Tableau, and Power BI."
Data Analyst,Amazon,"Austin, TX","$100,000+",Familiar with machine learning and statistics.
Data Analyst,Netflix,"Austin, TX","$70,000 - $90,000","Must know Excel, Tableau, and Power BI."
Data Analyst,Netflix,"Austin, TX",Not listed,"Need R, AWS, and cloud experience."
Data Scientist,IBM,"Austin, TX",Not listed,"Must know Excel, Tableau, and Power BI."
Business Analyst,Amazon,Remote,"$100,000+","Need R, AWS, and cloud experience."
Data Scientist,Google,"Austin, TX","$100,000+",Strong communication and analytical thinking.
ML Engineer,Microsoft,Remote,"$70,000 - $90,000","Must know Excel, Tableau, and Power BI."
ML Engineer,Amazon,"Chicago, IL","$100,000+",Looking for someone with experience in Python and SQL.
ML Engineer,Amazon,"Chicago, IL","$70,000 - $90,000",Strong communication and analytical thinking.
ML Engineer,Amazon,"Chicago, IL","$100,000+",Strong communication and analytical thinking.
Business Analyst,IBM,"New York, NY","$60,000 - $80,000",Familiar with machine learning and statistics.
Data Scientist,Amazon,"San Francisco, CA","$100,000+","Need R, AWS, and cloud experience."
ML Engineer,Facebook,"New York, NY",Not listed,"Must know Excel, Tableau, and Power BI."
Data Analyst,Netflix,"San Francisco, CA",Not listed,Looking for someone with experience in Python and SQL.
Data Analyst,Netflix,"New York, NY","$60,000 - $80,000",Familiar with machine learning and statistics.
Business Analyst,Netflix,"Austin, TX",Not listed,Strong communication and analytical thinking.
Data Analyst,Netflix,"Chicago, IL","$60,000 - $80,000",Familiar with machine learning and statistics.
Business Analyst,Amazon,Remote,Not listed,Strong communication and analytical thinking.
Business Analyst,Amazon,Remote,"$100,000+",Looking for someone with experience in Python and SQL.
Data Scientist,Google,"New York, NY","$70,000 - $90,000",Strong communication and analytical thinking.
Business Analyst,Netflix,"San Francisco, CA","$100,000+","Must know Excel, Tableau, and Power BI."
Business Analyst,Amazon,"Austin, TX","$100,000+","Must know Excel, Tableau, and Power BI."
Business Analyst,Netflix,"Austin, TX","$100,000+",Looking for someone with experience in Python and SQL.
Data Analyst,Google,"New York, NY","$100,000+",Looking for someone with experience in Python and SQL.
Business Analyst,Netflix,"Chicago, IL","$100,000+","Need R, AWS, and cloud experience."
Business Analyst,IBM,"Chicago, IL",Not listed,Familiar with machine learning and statistics.
Data Scientist,IBM,"Austin, TX","$100,000+",Strong communication and analytical thinking.
Data Analyst,Amazon,Remote,Not listed,"Need R, AWS, and cloud experience."
Data Analyst,Amazon,"San Francisco, CA",Not listed,"Need R, AWS, and cloud experience."
Data Scientist,Facebook,"Chicago, IL","$70,000 - $90,000","Must know Excel, Tableau, and Power BI."
ML Engineer,Microsoft,"Chicago, IL","$70,000 - $90,000",Looking for someone with experience in Python and SQL.
ML Engineer,IBM,"San Francisco, CA",Not listed,Strong communication and analytical thinking.
Business Analyst,Google,"Austin, TX","$100,000+","Must know Excel, Tableau, and Power BI."
Data Scientist,Amazon,"New York, NY","$70,000 - $90,000",Looking for someone with experience in Python and SQL.
Business Analyst,IBM,"San Francisco, CA","$100,000+",Strong communication and analytical thinking.
Data Scientist,Amazon,"San Francisco, CA","$70,000 - $90,000",Strong communication and analytical thinking.
Data Scientist,Amazon,Remote,Not listed,Strong communication and analytical thinking.
Data Analyst,IBM,"San Francisco, CA","$100,000+","Must know Excel, Tableau, and Power BI."
Business Analyst,Netflix,"San Francisco, CA","$100,000+","Need R, AWS, and cloud experience."
ML Engineer,Amazon,"Chicago, IL","$60,000 - $80,000","Need R, AWS, and cloud experience."
Data Scientist,Amazon,"Chicago, IL","$70,000 - $90,000","Must know Excel, Tableau, and Power BI."
ML Engineer,Facebook,"San Francisco, CA",Not listed,Strong communication and analytical thinking.
Business Analyst,Netflix,Remote,"$60,000 - $80,000",Looking for someone with experience in Python and SQL.
Business Analyst,Facebook,"New York, NY","$100,000+",Looking for someone with experience in Python and SQL.
Business Analyst,Facebook,"San Francisco, CA",Not listed,Familiar with machine learning and statistics.
Data Analyst,Google,"Austin, TX","$70,000 - $90,000","Must know Excel, Tableau, and Power BI."
Data Analyst,Netflix,"Austin, TX",Not listed,"Must know Excel, Tableau, and Power BI."
Business Analyst,Amazon,"Austin, TX",Not listed,"Need R, AWS, and cloud experience."
ML Engineer,IBM,Remote,"$100,000+",Familiar with machine learning and statistics.
Data Scientist,Netflix,"New York, NY",Not listed,Strong communication and analytical thinking.
Data Analyst,Microsoft,Remote,"$100,000+","Need R, AWS, and cloud experience."
Data Scientist,Google,"Chicago, IL",Not listed,"Must know Excel, Tableau, and Power BI."
Data Analyst,Microsoft,"San Francisco, CA","$70,000 - $90,000","Need R, AWS, and cloud experience."
Data Analyst,Google,"New York, NY","$60,000 - $80,000","Need R, AWS, and cloud experience."
Data Scientist,Netflix,"Chicago, IL",Not listed,Strong communication and analytical thinking.
Business Analyst,IBM,"Chicago, IL",Not listed,Strong communication and analytical thinking.
ML Engineer,Netflix,Remote,"$100,000+","Need R, AWS, and cloud experience."
Data Analyst,Netflix,"San Francisco, CA",Not listed,"Must know Excel, Tableau, and Power BI."
Data Analyst,Netflix,"Austin, TX",Not listed,"Need R, AWS, and cloud experience."
Data Analyst,Amazon,"San Francisco, CA","$70,000 - $90,000","Need R, AWS, and cloud experience."
Data Analyst,Microsoft,Remote,"$60,000 - $80,000",Looking for someone with experience in Python and SQL.
Business Analyst,Amazon,"San Francisco, CA","$70,000 - $90,000",Looking for someone with experience in Python and SQL.
Data Analyst,Microsoft,"San Francisco, CA","$100,000+",Familiar with machine learning and statistics.
Business Analyst,Facebook,"Chicago, IL",Not listed,Strong communication and analytical thinking.
Business Analyst,Netflix,"New York, NY",Not listed,"Must know Excel, Tableau, and Power BI."
ML Engineer,Amazon,Remote,"$100,000+","Must know Excel, Tableau, and Power BI."
Data Analyst,Amazon,Remote,"$70,000 - $90,000",Looking for someone with experience in Python and SQL.
Data Analyst,IBM,"Austin, TX","$60,000 - $80,000",Strong communication and analytical thinking.
Business Analyst,Facebook,"Austin, TX","$60,000 - $80,000",Looking for someone with experience in Python and SQL.
Business Analyst,Amazon,"San Francisco, CA","$70,000 - $90,000","Must know Excel, Tableau, and Power BI."
Business Analyst,Amazon,"New York, NY","$100,000+",Familiar with machine learning and statistics.
Data Analyst,Amazon,"Chicago, IL","$70,000 - $90,000","Need R, AWS, and cloud experience."
Data Scientist,Google,"Chicago, IL","$70,000 - $90,000",Familiar with machine learning and statistics.
ML Engineer,IBM,"San Francisco, CA","$70,000 - $90,000","Need R, AWS, and cloud experience."
Data Analyst,Netflix,"New York, NY","$60,000 - $80,000","Must know Excel, Tableau, and Power BI."
Business Analyst,Facebook,"Austin, TX","$60,000 - $80,000",Familiar with machine learning and statistics.
Business Analyst,IBM,"Austin, TX","$60,000 - $80,000",Strong communication and analytical thinking.
Business Analyst,Google,"Chicago, IL","$100,000+",Familiar with machine learning and statistics.
Data Scientist,Google,"Austin, TX","$100,000+",Strong communication and analytical thinking.
Data Scientist,Netflix,Remote,"$70,000 - $90,000",Looking for someone with experience in Python and SQL.
Data Scientist,Google,Remote,Not listed,"Must know Excel, Tableau, and Power BI."
Business Analyst,Facebook,"San Francisco, CA","$70,000 - $90,000",Strong communication and analytical thinking.
Business Analyst,Google,"San Francisco, CA",Not listed,Strong communication and analytical thinking.
Business Analyst,IBM,"San Francisco, CA","$70,000 - $90,000",Looking for someone with experience in Python and SQL.
Business Analyst,Google,"New York, NY","$60,000 - $80,000",Strong communication and analytical thinking.
Data Analyst,Google,"Austin, TX","$70,000 - $90,000","Must know Excel, Tableau, and Power BI."
Business Analyst,Microsoft,"New York, NY",Not listed,Looking for someone with experience in Python and SQL.
ML Engineer,IBM,Remote,"$100,000+",Strong communication and analytical thinking.
Data Analyst,IBM,"New York, NY",Not listed,Looking for someone with experience in Python and SQL.
Business Analyst,Netflix,"San Francisco, CA","$70,000 - $90,000",Strong communication and analytical thinking.
Business Analyst,Microsoft,Remote,"$100,000+",Familiar with machine learning and statistics.
Data Scientist,Netflix,"San Francisco, CA",Not listed,"Need R, AWS, and cloud experience."
Data Scientist,Microsoft,"New York, NY","$100,000+","Must know Excel, Tableau, and Power BI."
Data Scientist,Microsoft,"San Francisco, CA","$70,000 - $90,000",Familiar with machine learning and statistics.
Data Scientist,Google,"Austin, TX","$60,000 - $80,000","Must know Excel, Tableau, and Power BI."
ML Engineer,IBM,"San Francisco, CA","$70,000 - $90,000","Must know Excel, Tableau, and Power BI."
Data Scientist,Amazon,"Chicago, IL",Not listed,"Need R, AWS, and cloud experience."
Business Analyst,IBM,"Chicago, IL","$100,000+",Strong communication and analytical thinking.
Data Analyst,Netflix,Remote,Not listed,"Must know Excel, Tableau, and Power BI."
Business Analyst,Microsoft,"San Francisco, CA","$60,000 - $80,000",Familiar with machine learning and statistics.
Business Analyst,IBM,Remote,"$60,000 - $80,000",Strong communication and analytical thinking.
Business Analyst,Netflix,"New York, NY",Not listed,"Must know Excel, Tableau, and Power BI."
ML Engineer,Netflix,"Austin, TX","$60,000 - $80,000","Need R, AWS, and cloud experience."
ML Engineer,Amazon,Remote,"$60,000 - $80,000",Looking for someone with experience in Python and SQL.
Data Analyst,Google,"Austin, TX",Not listed,Looking for someone with experience in Python and SQL.
Business Analyst,Microsoft,"Austin, TX",Not listed,Looking for someone with experience in Python and SQL.
Data Analyst,Google,Remote,Not listed,Strong communication and analytical thinking.
Data Scientist,Microsoft,"Austin, TX","$60,000 - $80,000","Need R, AWS, and cloud experience."
Data Scientist,Facebook,"New York, NY","$100,000+",Strong communication and analytical thinking.
Business Analyst,Amazon,"Chicago, IL","$60,000 - $80,000",Familiar with machine learning and statistics.
ML Engineer,IBM,"New York, NY",Not listed,Strong communication and analytical thinking.
Data Scientist,IBM,"Chicago, IL","$70,000 - $90,000","Must know Excel, Tableau, and Power BI."
Data Analyst,IBM,"San Francisco, CA","$70,000 - $90,000",Familiar with machine learning and statistics.
Business Analyst,Facebook,"Austin, TX","$70,000 - $90,000",Familiar with machine learning and statistics.
Business Analyst,IBM,Remote,"$70,000 - $90,000","Must know Excel, Tableau, and Power BI."
Data Scientist,Facebook,"New York, NY",Not listed,Looking for someone with experience in Python and SQL.
Business Analyst,Google,"San Francisco, CA","$100,000+","Need R, AWS, and cloud experience."
Data Analyst,Amazon,"San Francisco, CA","$100,000+",Strong communication and analytical thinking.
ML Engineer,Amazon,"Chicago, IL","$100,000+",Strong communication and analytical thinking.
Data Scientist,IBM,"Chicago, IL","$100,000+","Need R, AWS, and cloud experience."
Data Scientist,Amazon,"Chicago, IL","$100,000+",Familiar with machine learning and statistics.
ML Engineer,IBM,"Austin, TX",Not listed,"Need R, AWS, and cloud experience."
Business Analyst,Amazon,"San Francisco, CA",Not listed,Familiar with machine learning and statistics.
Data Scientist,Netflix,"San Francisco, CA","$100,000+","Need R, AWS, and cloud experience."
Data Analyst,Netflix,"Chicago, IL","$60,000 - $80,000",Strong communication and analytical thinking.
Data Analyst,Google,"San Francisco, CA","$70,000 - $90,000",Strong communication and analytical thinking.
Data Analyst,Google,"Austin, TX","$100,000+",Looking for someone with experience in Python and SQL.
ML Engineer,Facebook,Remote,"$60,000 - $80,000","Must know Excel, Tableau, and Power BI."
Business Analyst,Netflix,"Chicago, IL",Not listed,Familiar with machine learning and statistics.
Data Analyst,Netflix,"Chicago, IL","$70,000 - $90,000","Need R, AWS, and cloud experience."
Data Analyst,Amazon,"San Francisco, CA","$70,000 - $90,000","Need R, AWS, and cloud experience."
ML Engineer,Google,"San Francisco, CA",Not listed,"Must know Excel, Tableau, and Power BI."
Data Scientist,Facebook,"San Francisco, CA","$60,000 - $80,000","Need R, AWS, and cloud experience."
Data Scientist,Facebook,"San Francisco, CA","$60,000 - $80,000",Familiar with machine learning and statistics.
Data Analyst,Netflix,"Austin, TX","$60,000 - $80,000",Looking for someone with experience in Python and SQL.
Data Scientist,Amazon,Remote,"$70,000 - $90,000",Looking for someone with experience in Python and SQL.
Business Analyst,Netflix,Remote,Not listed,Strong communication and analytical thinking.
Data Analyst,Amazon,"Chicago, IL","$100,000+","Need R, AWS, and cloud experience."
ML Engineer,Amazon,"Austin, TX","$60,000 - $80,000","Need R, AWS, and cloud experience."
Data Scientist,Netflix,"Chicago, IL","$70,000 - $90,000",Strong communication and analytical thinking.
Data Scientist,Google,"Chicago, IL","$100,000+",Looking for someone with experience in Python and SQL.
Business Analyst,IBM,"Chicago, IL",Not listed,Strong communication and analytical thinking.
Data Scientist,Netflix,"Chicago, IL","$60,000 - $80,000",Looking for someone with experience in Python and SQL.
Business Analyst,Amazon,"Austin, TX","$100,000+",Looking for someone with experience in Python and SQL.
ML Engineer,Google,"Austin, TX","$100,000+",Strong communication and analytical thinking.
ML Engineer,Facebook,"San Francisco, CA","$60,000 - $80,000","Need R, AWS, and cloud experience."
Data Scientist,Google,"New York, NY","$70,000 - $90,000",Strong communication and analytical thinking.
Business Analyst,IBM,"Austin, TX","$60,000 - $80,000","Must know Excel, Tableau, and Power BI."
ML Engineer,Microsoft,"New York, NY",Not listed,Looking for someone with experience in Python and SQL.
Data Analyst,IBM,"San Francisco, CA","$60,000 - $80,000","Must know Excel, Tableau, and Power BI."
Data Scientist,Microsoft,"New York, NY","$70,000 - $90,000",Familiar with machine learning and statistics.
Data Scientist,Microsoft,"San Francisco, CA","$60,000 - $80,000",Strong communication and analytical thinking.
Business Analyst,Microsoft,Remote,Not listed,Looking for someone with experience in Python and SQL.
ML Engineer,Microsoft,"San Francisco, CA","$100,000+",Looking for someone with experience in Python and SQL.
Data Analyst,Amazon,"New York, NY","$100,000+",Familiar with machine learning and statistics.
ML Engineer,Microsoft,"Austin, TX","$100,000+","Need R, AWS, and cloud experience."
ML Engineer,Facebook,"Chicago, IL",Not listed,Strong communication and analytical thinking.
Data Scientist,Google,"New York, NY",Not listed,"Must know Excel, Tableau, and Power BI."
ML Engineer,IBM,"Chicago, IL","$70,000 - $90,000","Need R, AWS, and cloud experience."
Data Analyst,Facebook,Remote,Not listed,Strong communication and analytical thinking.
ML Engineer,Microsoft,"New York, NY","$100,000+","Need R, AWS, and cloud experience."
Business Analyst,Amazon,Remote,"$70,000 - $90,000",Looking for someone with experience in Python and SQL.
Business Analyst,Amazon,"New York, NY","$60,000 - $80,000",Looking for someone with experience in Python and SQL.
Data Scientist,Netflix,"New York, NY","$100,000+","Must know Excel, Tableau, and Power BI."
Data Analyst,Google,"Austin, TX","$70,000 - $90,000",Familiar with machine learning and statistics.
ML Engineer,Netflix,"Austin, TX",Not listed,"Need R, AWS, and cloud experience."
ML Engineer,Microsoft,"Austin, TX",Not listed,Strong communication and analytical thinking.
Data Analyst,Amazon,"Austin, TX","$60,000 - $80,000",Familiar with machine learning and statistics.
Data Analyst,IBM,"San Francisco, CA","$60,000 - $80,000","Must know Excel, Tableau, and Power BI."
Data Analyst,Netflix,"San Francisco, CA","$70,000 - $90,000",Strong communication and analytical thinking.
Business Analyst,Facebook,"Chicago, IL","$60,000 - $80,000","Must know Excel, Tableau, and Power BI."
Business Analyst,Netflix,"Chicago, IL","$100,000+",Familiar with machine learning and statistics.
Business Analyst,Facebook,"Chicago, IL","$100,000+",Looking for someone with experience in Python and SQL.
Business Analyst,Facebook,"San Francisco, CA","$60,000 - $80,000","Must know Excel, Tableau, and Power BI."
Business Analyst,Netflix,"Austin, TX","$70,000 - $90,000","Need R, AWS, and cloud experience."
Business Analyst,Netflix,"Chicago, IL","$70,000 - $90,000",Looking for someone with experience in Python and SQL.
Data Analyst,Netflix,"San Francisco, CA","$100,000+","Must know Excel, Tableau, and Power BI."
Business Analyst,Microsoft,Remote,"$70,000 - $90,000",Looking for someone with experience in Python and SQL.
Data Analyst,Amazon,"Chicago, IL","$100,000+",Familiar with machine learning and statistics.
Data Analyst,Facebook,"Austin, TX",Not listed,Familiar with machine learning and statistics.
Data Scientist,Amazon,Remote,"$60,000 - $80,000","Must know Excel, Tableau, and Power BI."
Business Analyst,Amazon,"Chicago, IL",Not listed,Familiar with machine learning and statistics.
Business Analyst,Facebook,"New York, NY","$100,000+",Familiar with machine learning and statistics.
ML Engineer,Netflix,Remote,"$100,000+",Strong communication and analytical thinking.
Business Analyst,Amazon,Remote,Not listed,"Must know Excel, Tableau, and Power BI."
Data Analyst,Facebook,Remote,"$100,000+","Must know Excel, Tableau, and Power BI."
Data Scientist,IBM,"New York, NY","$100,000+",Looking for someone with experience in Python and SQL.
Data Analyst,Facebook,"Austin, TX","$70,000 - $90,000",Strong communication and analytical thinking.
Data Analyst,Microsoft,Remote,Not listed,"Must know Excel, Tableau, and Power BI."
Business Analyst,Google,Remote,"$60,000 - $80,000",Looking for someone with experience in Python and SQL.
Data Scientist,Facebook,"New York, NY",Not listed,"Need R, AWS, and cloud experience."
ML Engineer,Facebook,Remote,"$60,000 - $80,000",Strong communication and analytical thinking.
Business Analyst,Google,"San Francisco, CA","$60,000 - $80,000",Familiar with machine learning and statistics.
Data Analyst,IBM,"San Francisco, CA","$60,000 - $80,000",Looking for someone with experience in Python and SQL.
Business Analyst,IBM,"New York, NY","$70,000 - $90,000",Strong communication and analytical thinking.
Data Analyst,Netflix,"Chicago, IL",Not listed,"Must know Excel, Tableau, and Power BI."
Business Analyst,Amazon,"Chicago, IL",Not listed,"Must know Excel, Tableau, and Power BI."
Data Scientist,Microsoft,"Chicago, IL","$60,000 - $80,000",Strong communication and analytical thinking.
ML Engineer,Microsoft,"Austin, TX","$60,000 - $80,000","Must know Excel, Tableau, and Power BI."
Business Analyst,IBM,Remote,"$60,000 - $80,000",Familiar with machine learning and statistics.
Data Analyst,Amazon,"Chicago, IL","$100,000+",Strong communication and analytical thinking.
Business Analyst,Microsoft,"San Francisco, CA","$70,000 - $90,000","Need R, AWS, and cloud experience."
Data Scientist,Netflix,"New York, NY","$100,000+",Looking for someone with experience in Python and SQL.
Data Scientist,Netflix,"Austin, TX","$60,000 - $80,000",Familiar with machine learning and statistics.
Data Analyst,Facebook,"San Francisco, CA","$100,000+","Need R, AWS, and cloud experience."
Data Scientist,Google,"Chicago, IL","$60,000 - $80,000","Must know Excel, Tableau, and Power BI."
Business Analyst,Google,"San Francisco, CA","$60,000 - $80,000","Need R, AWS, and cloud experience."
Data Analyst,Amazon,Remote,Not listed,Familiar with machine learning and statistics.
Data Analyst,Facebook,Remote,"$100,000+",Familiar with machine learning and statistics.
ML Engineer,IBM,"New York, NY","$70,000 - $90,000","Must know Excel, Tableau, and Power BI."
Data Analyst,IBM,Remote,"$100,000+",Looking for someone with experience in Python and SQL.
Business Analyst,Microsoft,Remote,Not listed,Familiar with machine learning and statistics.
Data Analyst,Facebook,"New York, NY","$60,000 - $80,000","Need R, AWS, and cloud experience."
ML Engineer,IBM,"New York, NY","$70,000 - $90,000","Need R, AWS, and cloud experience."
Data Analyst,Microsoft,Remote,"$60,000 - $80,000","Must know Excel, Tableau, and Power BI."
Data Scientist,Microsoft,"San Francisco, CA","$60,000 - $80,000",Strong communication and analytical thinking.
Data Analyst,Microsoft,"San Francisco, CA","$60,000 - $80,000",Familiar with machine learning and statistics.
Data Analyst,IBM,"San Francisco, CA","$70,000 - $90,000","Need R, AWS, and cloud experience."
ML Engineer,Facebook,"Chicago, IL","$100,000+","Need R, AWS, and cloud experience."
Business Analyst,Netflix,"Austin, TX",Not listed,"Need R, AWS, and cloud experience."
ML Engineer,Facebook,"New York, NY","$70,000 - $90,000","Need R, AWS, and cloud experience."
Data Scientist,Google,"Chicago, IL",Not listed,Familiar with machine learning and statistics.
Data Scientist,Microsoft,"San Francisco, CA","$100,000+",Strong communication and analytical thinking.
Data Analyst,Microsoft,"Chicago, IL",Not listed,Looking for someone with experience in Python and SQL.
Data Analyst,Microsoft,"Austin, TX","$100,000+","Need R, AWS, and cloud experience."
Data Analyst,IBM,"Austin, TX",Not listed,Strong communication and analytical thinking.
Business Analyst,Amazon,"San Francisco, CA","$70,000 - $90,000",Looking for someone with experience in Python and SQL.
Data Scientist,Microsoft,"Austin, TX","$100,000+","Need R, AWS, and cloud experience."
ML Engineer,Netflix,"New York, NY","$60,000 - $80,000",Looking for someone with experience in Python and SQL.
Data Scientist,Google,"San Francisco, CA","$100,000+",Looking for someone with experience in Python and SQL.
Data Analyst,Google,"Austin, TX","$70,000 - $90,000","Need R, AWS, and cloud experience."
Data Scientist,Facebook,Remote,"$60,000 - $80,000","Need R, AWS, and cloud experience."
Business Analyst,Google,"Chicago, IL",Not listed,Looking for someone with experience in Python and SQL.
ML Engineer,Amazon,"Chicago, IL","$100,000+",Looking for someone with experience in Python and SQL.
Data Analyst,Google,Remote,Not listed,Strong communication and analytical thinking.
Data Analyst,Amazon,"New York, NY",Not listed,Familiar with machine learning and statistics.
ML Engineer,Microsoft,Remote,"$100,000+",Familiar with machine learning and statistics.
Business Analyst,Netflix,"Chicago, IL","$100,000+",Looking for someone with experience in Python and SQL.
ML Engineer,Google,Remote,"$70,000 - $90,000",Looking for someone with experience in Python and SQL.
Business Analyst,Netflix,"Chicago, IL","$70,000 - $90,000",Looking for someone with experience in Python and SQL.
ML Engineer,Microsoft,"Chicago, IL",Not listed,Looking for someone with experience in Python and SQL.
Business Analyst,Amazon,Remote,Not listed,Strong communication and analytical thinking.
Business Analyst,Facebook,"San Francisco, CA","$60,000 - $80,000","Must know Excel, Tableau, and Power BI."
Data Scientist,IBM,"Austin, TX","$60,000 - $80,000","Need R, AWS, and cloud experience."
ML Engineer,Facebook,"New York, NY",Not listed,Strong communication and analytical thinking.
ML Engineer,Facebook,"San Francisco, CA","$60,000 - $80,000","Need R, AWS, and cloud experience."
Data Analyst,Amazon,"San Francisco, CA","$100,000+",Familiar with machine learning and statistics.
Data Analyst,Facebook,Remote,Not listed,Strong communication and analytical thinking.
ML Engineer,Amazon,"Austin, TX","$60,000 - $80,000",Familiar with machine learning and statistics.
Data Scientist,Netflix,"Chicago, IL","$60,000 - $80,000",Strong communication and analytical thinking.
Data Scientist,Google,Remote,"$70,000 - $90,000",Strong communication and analytical thinking.
ML Engineer,IBM,Remote,"$60,000 - $80,000",Strong communication and analytical thinking.
ML Engineer,Microsoft,"San Francisco, CA",Not listed,"Must know Excel, Tableau, and Power BI."
Data Analyst,Microsoft,"San Francisco, CA",Not listed,Strong communication and analytical thinking.
Data Analyst,Netflix,"New York, NY","$70,000 - $90,000","Need R, AWS, and cloud experience."
Data Analyst,Google,"Austin, TX","$70,000 - $90,000","Must know Excel, Tableau, and Power BI."
Business Analyst,Google,"Chicago, IL",Not listed,Looking for someone with experience in Python and SQL.
Business Analyst,Microsoft,Remote,"$70,000 - $90,000",Strong communication and analytical thinking.
Data Analyst,Microsoft,"San Francisco, CA",Not listed,Looking for someone with experience in Python and SQL.
ML Engineer,Facebook,"Chicago, IL","$60,000 - $80,000",Familiar with machine learning and statistics.
Data Scientist,Microsoft,Remote,Not listed,"Must know Excel, Tableau, and Power BI."
ML Engineer,IBM,Remote,"$70,000 - $90,000",Familiar with machine learning and statistics.
Data Analyst,Netflix,"New York, NY","$100,000+","Must know Excel, Tableau, and Power BI."
Data Analyst,Netflix,"San Francisco, CA",Not listed,Looking for someone with experience in Python and SQL.
Data Analyst,Facebook,Remote,"$100,000+",Looking for someone with experience in Python and SQL.
Data Analyst,Netflix,"San Francisco, CA","$70,000 - $90,000","Need R, AWS, and cloud experience."
Business Analyst,Amazon,"San Francisco, CA","$100,000+",Familiar with machine learning and statistics.
ML Engineer,Google,"New York, NY","$100,000+",Strong communication and analytical thinking.
Data Analyst,Microsoft,"San Francisco, CA","$100,000+",Familiar with machine learning and statistics.
ML Engineer,Facebook,Remote,Not listed,Strong communication and analytical thinking.
Data Scientist,Netflix,"New York, NY","$100,000+",Looking for someone with experience in Python and SQL.
ML Engineer,IBM,Remote,"$100,000+","Must know Excel, Tableau, and Power BI."
Data Analyst,Netflix,"San Francisco, CA","$70,000 - $90,000",Strong communication and analytical thinking.
Data Scientist,IBM,Remote,"$60,000 - $80,000","Need R, AWS, and cloud experience."
Data Scientist,Microsoft,"San Francisco, CA","$60,000 - $80,000","Must know Excel, Tableau, and Power BI."
Data Scientist,Facebook,Remote,"$60,000 - $80,000","Must know Excel, Tableau, and Power BI."
Business Analyst,Facebook,"Austin, TX","$60,000 - $80,000","Must know Excel, Tableau, and Power BI."
ML Engineer,Netflix,"Chicago, IL","$60,000 - $80,000","Need R, AWS, and cloud experience."
Data Scientist,Netflix,"New York, NY","$70,000 - $90,000",Looking for someone with experience in Python and SQL.
Data Scientist,Microsoft,"New York, NY","$70,000 - $90,000",Strong communication and analytical thinking.
Business Analyst,Netflix,"Austin, TX","$100,000+","Need R, AWS, and cloud experience."
Business Analyst,IBM,Remote,"$60,000 - $80,000",Looking for someone with experience in Python and SQL.
ML Engineer,Google,"New York, NY",Not listed,Looking for someone with experience in Python and SQL.
Data Analyst,IBM,"Chicago, IL","$60,000 - $80,000","Must know Excel, Tableau, and Power BI."
Data Analyst,Amazon,Remote,Not listed,"Need R, AWS, and cloud experience."
Business Analyst,IBM,"San Francisco, CA","$100,000+",Strong communication and analytical thinking.
Data Analyst,IBM,"San Francisco, CA","$60,000 - $80,000",Strong communication and analytical thinking.
Business Analyst,Facebook,"New York, NY","$60,000 - $80,000",Strong communication and analytical thinking.
ML Engineer,Microsoft,"New York, NY","$60,000 - $80,000",Looking for someone with experience in Python and SQL.
ML Engineer,IBM,"Chicago, IL",Not listed,"Need R, AWS, and cloud experience."
Data Scientist,Amazon,"Austin, TX","$60,000 - $80,000","Need R, AWS, and cloud experience."
ML Engineer,IBM,"San Francisco, CA","$100,000+",Strong communication and analytical thinking.
Business Analyst,Google,"Austin, TX","$60,000 - $80,000","Must know Excel, Tableau, and Power BI."
ML Engineer,IBM,"San Francisco, CA",Not listed,"Need R, AWS, and cloud experience."
Data Scientist,Facebook,"New York, NY",Not listed,Strong communication and analytical thinking.
ML Engineer,Microsoft,Remote,"$70,000 - $90,000",Strong communication and analytical thinking.
Data Analyst,IBM,"Chicago, IL",Not listed,Strong communication and analytical thinking.
Data Scientist,Google,"Austin, TX","$70,000 - $90,000",Strong communication and analytical thinking.
Data Analyst,Microsoft,"Austin, TX",Not listed,Looking for someone with experience in Python and SQL.
Data Analyst,Facebook,Remote,"$60,000 - $80,000",Familiar with machine learning and statistics.
ML Engineer,Amazon,"New York, NY","$100,000+",Familiar with machine learning and statistics.
Data Scientist,IBM,Remote,Not listed,Looking for someone with experience in Python and SQL.
ML Engineer,IBM,"New York, NY","$70,000 - $90,000",Familiar with machine learning and statistics.
ML Engineer,Netflix,"Austin, TX","$100,000+",Familiar with machine learning and statistics.
Data Scientist,Amazon,"New York, NY","$60,000 - $80,000",Strong communication and analytical thinking.
Data Analyst,Google,"New York, NY",Not listed,Strong communication and analytical thinking.
ML Engineer,IBM,"Chicago, IL","$60,000 - $80,000",Familiar with machine learning and statistics.
Data Scientist,Facebook,"Chicago, IL","$60,000 - $80,000","Must know Excel, Tableau, and Power BI."
Data Analyst,Netflix,Remote,Not listed,Familiar with machine learning and statistics.
Business Analyst,Amazon,"New York, NY",Not listed,"Must know Excel, Tableau, and Power BI."
ML Engineer,Facebook,"New York, NY","$70,000 - $90,000",Looking for someone with experience in Python and SQL.
Data Analyst,Netflix,"San Francisco, CA","$70,000 - $90,000","Must know Excel, Tableau, and Power BI."
Business Analyst,IBM,"Austin, TX","$60,000 - $80,000","Must know Excel, Tableau, and Power BI."
Data Analyst,Google,"Chicago, IL","$100,000+",Familiar with machine learning and statistics.
Business Analyst,Facebook,"San Francisco, CA",Not listed,Familiar with machine learning and statistics.
ML Engineer,Google,"Chicago, IL","$70,000 - $90,000","Must know Excel, Tableau, and Power BI."
Data Scientist,IBM,"Chicago, IL","$100,000+",Looking for someone with experience in Python and SQL.
Data Scientist,Google,"Chicago, IL","$70,000 - $90,000",Strong communication and analytical thinking.
Data Analyst,Amazon,"New York, NY","$70,000 - $90,000","Must know Excel, Tableau, and Power BI."
Data Analyst,IBM,"San Francisco, CA",Not listed,Familiar with machine learning and statistics.
Data Scientist,Google,Remote,"$60,000 - $80,000","Need R, AWS, and cloud experience."
Data Analyst,Amazon,"New York, NY","$60,000 - $80,000",Looking for someone with experience in Python and SQL.
ML Engineer,Google,"San Francisco, CA",Not listed,Looking for someone with experience in Python and SQL.
ML Engineer,Amazon,Remote,"$60,000 - $80,000",Looking for someone with experience in Python and SQL.
Data Analyst,Microsoft,"Chicago, IL","$100,000+",Familiar with machine learning and statistics.
Business Analyst,Netflix,"Austin, TX",Not listed,Looking for someone with experience in Python and SQL.
ML Engineer,Microsoft,"San Francisco, CA","$70,000 - $90,000",Familiar with machine learning and statistics.
ML Engineer,Netflix,"San Francisco, CA",Not listed,Familiar with machine learning and statistics.
Business Analyst,Microsoft,"New York, NY","$70,000 - $90,000","Need R, AWS, and cloud experience."
ML Engineer,Amazon,"San Francisco, CA",Not listed,Familiar with machine learning and statistics.
Data Scientist,Google,Remote,"$70,000 - $90,000",Familiar with machine learning and statistics.
Data Scientist,IBM,Remote,"$60,000 - $80,000","Need R, AWS, and cloud experience."
Business Analyst,Microsoft,"San Francisco, CA",Not listed,"Must know Excel, Tableau, and Power BI."
Data Analyst,IBM,"San Francisco, CA","$60,000 - $80,000",Strong communication and analytical thinking.
ML Engineer,Microsoft,Remote,Not listed,Familiar with machine learning and statistics.
Data Analyst,Microsoft,"Chicago, IL","$70,000 - $90,000",Familiar with machine learning and statistics.
ML Engineer,Microsoft,Remote,"$100,000+",Familiar with machine learning and statistics.
Data Scientist,Microsoft,"San Francisco, CA",Not listed,Strong communication and analytical thinking.
Business Analyst,Netflix,"San Francisco, CA","$70,000 - $90,000",Looking for someone with experience in Python and SQL.
Data Scientist,IBM,"San Francisco, CA",Not listed,"Need R, AWS, and cloud experience."
Business Analyst,Microsoft,"Austin, TX","$60,000 - $80,000",Familiar with machine learning and statistics.
Business Analyst,Netflix,"Chicago, IL","$100,000+","Need R, AWS, and cloud experience."
Data Analyst,Facebook,"Austin, TX","$60,000 - $80,000","Must know Excel, Tableau, and Power BI."
Data Scientist,Microsoft,"San Francisco, CA",Not listed,Strong communication and analytical thinking.
Data Analyst,Amazon,"San Francisco, CA",Not listed,Looking for someone with experience in Python and SQL.
ML Engineer,Google,"New York, NY","$60,000 - $80,000",Looking for someone with experience in Python and SQL.
Business Analyst,Facebook,"Chicago, IL",Not listed,"Need R, AWS, and cloud experience."
ML Engineer,Amazon,"San Francisco, CA",Not listed,"Need R, AWS, and cloud experience."
Business Analyst,Netflix,"San Francisco, CA","$100,000+","Need R, AWS, and cloud experience."
Business Analyst,Google,"San Francisco, CA",Not listed,"Must know Excel, Tableau, and Power BI."
Data Scientist,Facebook,Remote,"$100,000+",Strong communication and analytical thinking.
Business Analyst,IBM,Remote,"$70,000 - $90,000",Familiar with machine learning and statistics.
Data Analyst,Amazon,"New York, NY","$70,000 - $90,000",Looking for someone with experience in Python and SQL.
ML Engineer,Amazon,"San Francisco, CA","$70,000 - $90,000","Need R, AWS, and cloud experience."
Business Analyst,Microsoft,"Chicago, IL","$100,000+","Need R, AWS, and cloud experience."
Data Analyst,IBM,"Austin, TX","$100,000+",Familiar with machine learning and statistics.
ML Engineer,Google,Remote,Not listed,Looking for someone with experience in Python and SQL.
Business Analyst,IBM,Remote,"$60,000 - $80,000","Must know Excel, Tableau, and Power BI."
Data Scientist,Facebook,"San Francisco, CA","$70,000 - $90,000",Looking for someone with experience in Python and SQL.
Business Analyst,Amazon,"Austin, TX","$70,000 - $90,000",Familiar with machine learning and statistics.
Data Scientist,IBM,"New York, NY",Not listed,"Need R, AWS, and cloud experience."
Data Scientist,Netflix,Remote,"$70,000 - $90,000",Familiar with machine learning and statistics.
Data Scientist,Facebook,"New York, NY","$60,000 - $80,000","Need R, AWS, and cloud experience."
Data Scientist,Amazon,"New York, NY","$60,000 - $80,000",Strong communication and analytical thinking.
ML Engineer,Amazon,Remote,"$60,000 - $80,000",Familiar with machine learning and statistics.
Data Analyst,Microsoft,"San Francisco, CA","$70,000 - $90,000","Must know Excel, Tableau, and Power BI."
Business Analyst,Facebook,"New York, NY",Not listed,Familiar with machine learning and statistics.
ML Engineer,Netflix,Remote,Not listed,Looking for someone with experience in Python and SQL.
Data Scientist,Facebook,"Chicago, IL",Not listed,"Need R, AWS, and cloud experience."
Data Analyst,Netflix,Remote,"$60,000 - $80,000","Need R, AWS, and cloud experience."
Data Scientist,Facebook,"San Francisco, CA","$60,000 - $80,000",Strong communication and analytical thinking.
Data Analyst,Amazon,Remote,"$60,000 - $80,000","Must know Excel, Tableau, and Power BI."
Business Analyst,Microsoft,Remote,"$70,000 - $90,000",Familiar with machine learning and statistics.
ML Engineer,Amazon,"Austin, TX",Not listed,Strong communication and analytical thinking.
Data Analyst,Google,"San Francisco, CA","$100,000+",Strong communication and analytical thinking.
Data Scientist,Amazon,"Chicago, IL","$100,000+",Looking for someone with experience in Python and SQL.
Data Analyst,Amazon,"New York, NY","$60,000 - $80,000",Familiar with machine learning and statistics.
Data Scientist,Microsoft,"New York, NY","$70,000 - $90,000",Familiar with machine learning and statistics.
Business Analyst,Google,Remote,"$70,000 - $90,000",Looking for someone with experience in Python and SQL.
ML Engineer,Netflix,"New York, NY","$70,000 - $90,000",Looking for someone with experience in Python and SQL.
Business Analyst,Netflix,"New York, NY","$70,000 - $90,000",Strong communication and analytical thinking.
ML Engineer,Amazon,"New York, NY","$70,000 - $90,000",Looking for someone with experience in Python and SQL.
Business Analyst,Google,"New York, NY","$60,000 - $80,000",Looking for someone with experience in Python and SQL.
Business Analyst,Microsoft,"Chicago, IL",Not listed,"Must know Excel, Tableau, and Power BI."
Data Scientist,Netflix,"San Francisco, CA","$100,000+",Familiar with machine learning and statistics.
Data Analyst,IBM,"Austin, TX",Not listed,Looking for someone with experience in Python and SQL.
Data Scientist,Netflix,Remote,"$70,000 - $90,000","Must know Excel, Tableau, and Power BI."
Data Analyst,Microsoft,"San Francisco, CA","$60,000 - $80,000",Familiar with machine learning and statistics.
Data Scientist,Microsoft,Remote,"$60,000 - $80,000",Looking for someone with experience in Python and SQL.
Data Analyst,Google,"Chicago, IL","$70,000 - $90,000",Looking for someone with experience in Python and SQL.
Business Analyst,Microsoft,"Austin, TX","$60,000 - $80,000",Looking for someone with experience in Python and SQL.
Data Analyst,Microsoft,"Austin, TX",Not listed,Familiar with machine learning and statistics.
Business Analyst,Microsoft,Remote,Not listed,Familiar with machine learning and statistics.
Data Scientist,IBM,"New York, NY","$100,000+",Strong communication and analytical thinking.
Business Analyst,Amazon,"Chicago, IL","$60,000 - $80,000","Need R, AWS, and cloud experience."
ML Engineer,Amazon,"Chicago, IL","$60,000 - $80,000","Must know Excel, Tableau, and Power BI."
ML Engineer,Amazon,"New York, NY","$100,000+",Looking for someone with experience in Python and SQL.
Data Analyst,Google,"San Francisco, CA",Not listed,"Must know Excel, Tableau, and Power BI."
Data Scientist,Google,Remote,Not listed,Familiar with machine learning and statistics.
Data Scientist,Microsoft,Remote,"$60,000 - $80,000","Need R, AWS, and cloud experience."
Business Analyst,Google,"New York, NY","$70,000 - $90,000","Must know Excel, Tableau, and Power BI."
Data Analyst,Facebook,"New York, NY",Not listed,Strong communication and analytical thinking.
Business Analyst,Amazon,"Chicago, IL","$70,000 - $90,000",Familiar with machine learning and statistics.
Business Analyst,Netflix,"San Francisco, CA","$70,000 - $90,000","Must know Excel, Tableau, and Power BI."
ML Engineer,Facebook,"San Francisco, CA","$60,000 - $80,000",Familiar with machine learning and statistics.
Data Analyst,Amazon,"San Francisco, CA","$100,000+",Looking for someone with experience in Python and SQL.
Business Analyst,Microsoft,Remote,"$70,000 - $90,000",Looking for someone with experience in Python and SQL.
ML Engineer,Amazon,"Austin, TX",Not listed,Strong communication and analytical thinking.
ML Engineer,Facebook,"Austin, TX","$60,000 - $80,000",Familiar with machine learning and statistics.
ML Engineer,IBM,"San Francisco, CA","$60,000 - $80,000",Familiar with machine learning and statistics.
ML Engineer,IBM,"Chicago, IL","$60,000 - $80,000","Need R, AWS, and cloud experience."
Data Analyst,Netflix,"New York, NY","$70,000 - $90,000","Must know Excel, Tableau, and Power BI."
Data Analyst,Microsoft,"Chicago, IL","$60,000 - $80,000",Familiar with machine learning and statistics.
ML Engineer,IBM,"Austin, TX","$70,000 - $90,000",Strong communication and analytical thinking.
Data Analyst,Microsoft,"San Francisco, CA","$70,000 - $90,000","Must know Excel, Tableau, and Power BI."
Data Analyst,Facebook,Remote,"$70,000 - $90,000",Looking for someone with experience in Python and SQL.
ML Engineer,Amazon,"Chicago, IL","$70,000 - $90,000",Familiar with machine learning and statistics.
Data Analyst,Facebook,"Chicago, IL","$60,000 - $80,000",Strong communication and analytical thinking.
Business Analyst,Netflix,"Austin, TX","$100,000+",Strong communication and analytical thinking.
Data Scientist,Netflix,Remote,"$100,000+",Familiar with machine learning and statistics.
Data Analyst,Google,Remote,"$60,000 - $80,000","Need R, AWS, and cloud experience."
Data Analyst,Facebook,"San Francisco, CA","$60,000 - $80,000",Looking for someone with experience in Python and SQL.
ML Engineer,Facebook,"New York, NY","$70,000 - $90,000",Looking for someone with experience in Python and SQL.
Data Analyst,Facebook,"San Francisco, CA","$60,000 - $80,000",Familiar with machine learning and statistics.
Business Analyst,Microsoft,"San Francisco, CA","$60,000 - $80,000",Looking for someone with experience in Python and SQL.
Data Analyst,Facebook,"Chicago, IL","$60,000 - $80,000",Strong communication and analytical thinking.
Data Scientist,Amazon,"New York, NY",Not listed,Familiar with machine learning and statistics.
Data Analyst,Google,"Austin, TX","$70,000 - $90,000",Looking for someone with experience in Python and SQL.
ML Engineer,Amazon,"Austin, TX","$70,000 - $90,000","Need R, AWS, and cloud experience."
ML Engineer,Amazon,"New York, NY","$100,000+","Must know Excel, Tableau, and Power BI."
ML Engineer,Amazon,"New York, NY","$100,000+","Need R, AWS, and cloud experience."
ML Engineer,Facebook,"San Francisco, CA","$100,000+","Need R, AWS, and cloud experience."
Data Scientist,Microsoft,"Chicago, IL","$60,000 - $80,000",Looking for someone with experience in Python and SQL.
Data Analyst,Google,"Austin, TX","$100,000+","Need R, AWS, and cloud experience."
ML Engineer,Facebook,"San Francisco, CA","$60,000 - $80,000","Must know Excel, Tableau, and Power BI."
Data Analyst,Microsoft,"Austin, TX","$100,000+","Need R, AWS, and cloud experience."
Data Scientist,Google,"San Francisco, CA","$70,000 - $90,000","Must know Excel, Tableau, and Power BI."
Business Analyst,Facebook,Remote,"$60,000 - $80,000",Strong communication and analytical thinking.
ML Engineer,Facebook,"New York, NY","$70,000 - $90,000",Strong communication and analytical thinking.
Data Analyst,Facebook,"New York, NY","$100,000+",Familiar with machine learning and statistics.
ML Engineer,Amazon,"Austin, TX",Not listed,"Must know Excel, Tableau, and Power BI."
Data Scientist,Netflix,Remote,"$70,000 - $90,000",Looking for someone with experience in Python and SQL.
Data Analyst,Microsoft,"Austin, TX","$60,000 - $80,000",Familiar with machine learning and statistics.
Business Analyst,IBM,"Chicago, IL","$70,000 - $90,000",Looking for someone with experience in Python and SQL.
Data Scientist,Microsoft,"Austin, TX","$60,000 - $80,000","Need R, AWS, and cloud experience."
Data Analyst,IBM,"Chicago, IL","$60,000 - $80,000","Must know Excel, Tableau, and Power BI."
Business Analyst,Google,"Chicago, IL",Not listed,Familiar with machine learning and statistics.
Data Analyst,IBM,"New York, NY","$100,000+","Need R, AWS, and cloud experience."
ML Engineer,IBM,"Austin, TX","$70,000 - $90,000","Need R, AWS, and cloud experience."
Data Analyst,Facebook,"Chicago, IL","$70,000 - $90,000",Strong communication and analytical thinking.
Data Analyst,Microsoft,"Chicago, IL","$60,000 - $80,000",Familiar with machine learning and statistics.
Data Scientist,Microsoft,"San Francisco, CA","$70,000 - $90,000",Looking for someone with experience in Python and SQL.
Data Scientist,Microsoft,Remote,"$70,000 - $90,000","Need R, AWS, and cloud experience."
Data Analyst,Netflix,"Austin, TX","$60,000 - $80,000","Need R, AWS, and cloud experience."
Data Analyst,Facebook,"San Francisco, CA",Not listed,Looking for someone with experience in Python and SQL.
Data Analyst,Netflix,Remote,"$60,000 - $80,000","Must know Excel, Tableau, and Power BI."
ML Engineer,IBM,"Austin, TX","$70,000 - $90,000",Familiar with machine learning and statistics.
Business Analyst,IBM,"New York, NY","$60,000 - $80,000",Familiar with machine learning and statistics.
Business Analyst,Amazon,"Chicago, IL","$70,000 - $90,000","Must know Excel, Tableau, and Power BI."
ML Engineer,IBM,"San Francisco, CA",Not listed,"Need R, AWS, and cloud experience."
Business Analyst,Microsoft,"Austin, TX","$70,000 - $90,000","Must know Excel, Tableau, and Power BI."
Business Analyst,Facebook,"Chicago, IL","$70,000 - $90,000",Strong communication and analytical thinking.
ML Engineer,IBM,"San Francisco, CA",Not listed,"Must know Excel, Tableau, and Power BI."
Data Scientist,Facebook,Remote,Not listed,"Must know Excel, Tableau, and Power BI."
Business Analyst,Microsoft,"Austin, TX",Not listed,"Need R, AWS, and cloud experience."
Business Analyst,Microsoft,"New York, NY","$100,000+","Need R, AWS, and cloud experience."
Data Analyst,IBM,"Chicago, IL","$70,000 - $90,000",Familiar with machine learning and statistics.
Business Analyst,Google,"Austin, TX","$70,000 - $90,000",Familiar with machine learning and statistics.
Business Analyst,Facebook,"San Francisco, CA","$70,000 - $90,000","Must know Excel, Tableau, and Power BI."
Business Analyst,Google,"Chicago, IL","$100,000+",Familiar with machine learning and statistics.
Data Analyst,Facebook,"Austin, TX","$100,000+",Looking for someone with experience in Python and SQL.
Data Analyst,Microsoft,"Austin, TX","$60,000 - $80,000",Familiar with machine learning and statistics.
Data Scientist,IBM,"San Francisco, CA","$70,000 - $90,000",Strong communication and analytical thinking.
Data Scientist,Amazon,"San Francisco, CA","$100,000+",Looking for someone with experience in Python and SQL.
Data Analyst,Google,"New York, NY",Not listed,"Need R, AWS, and cloud experience."
Data Analyst,Google,Remote,"$100,000+","Must know Excel, Tableau, and Power BI."
Business Analyst,Microsoft,Remote,"$70,000 - $90,000","Must know Excel, Tableau, and Power BI."
Data Analyst,Amazon,"San Francisco, CA",Not listed,"Must know Excel, Tableau, and Power BI."
Data Analyst,Google,"San Francisco, CA","$100,000+",Familiar with machine learning and statistics.
Business Analyst,Microsoft,"New York, NY",Not listed,Looking for someone with experience in Python and SQL.
Business Analyst,Google,"Austin, TX","$70,000 - $90,000",Strong communication and analytical thinking.
Business Analyst,Google,"Chicago, IL","$60,000 - $80,000",Looking for someone with experience in Python and SQL.
Business Analyst,Google,"San Francisco, CA","$70,000 - $90,000","Need R, AWS, and cloud experience."
Data Scientist,Amazon,"Chicago, IL","$60,000 - $80,000",Strong communication and analytical thinking.
ML Engineer,Google,"Austin, TX","$100,000+","Must know Excel, Tableau, and Power BI."
Data Scientist,Microsoft,"San Francisco, CA","$100,000+","Must know Excel, Tableau, and Power BI."
ML Engineer,Google,"San Francisco, CA","$70,000 - $90,000",Looking for someone with experience in Python and SQL.
ML Engineer,Google,"Austin, TX",Not listed,Strong communication and analytical thinking.
Business Analyst,Microsoft,"San Francisco, CA","$70,000 - $90,000",Looking for someone with experience in Python and SQL.
ML Engineer,IBM,"New York, NY",Not listed,Strong communication and analytical thinking.
ML Engineer,Microsoft,"New York, NY","$100,000+",Familiar with machine learning and statistics.
Data Analyst,Amazon,"Chicago, IL",Not listed,"Must know Excel, Tableau, and Power BI."
Business Analyst,Amazon,Remote,"$100,000+","Must know Excel, Tableau, and Power BI."
Data Scientist,Facebook,Remote,Not listed,"Need R, AWS, and cloud experience."
Business Analyst,Microsoft,Remote,"$100,000+",Looking for someone with experience in Python and SQL.
ML Engineer,Netflix,"Austin, TX","$70,000 - $90,000","Need R, AWS, and cloud experience."
Data Analyst,Google,"New York, NY","$70,000 - $90,000","Need R, AWS, and cloud experience."
Business Analyst,Facebook,"Chicago, IL","$70,000 - $90,000",Strong communication and analytical thinking.
Data Scientist,Facebook,"New York, NY","$100,000+",Familiar with machine learning and statistics.
Data Analyst,Facebook,"Austin, TX",Not listed,Looking for someone with experience in Python and SQL.
Data Scientist,Google,Remote,Not listed,Strong communication and analytical thinking.
Business Analyst,Facebook,"Austin, TX",Not listed,"Must know Excel, Tableau, and Power BI."
Business Analyst,IBM,"New York, NY","$100,000+",Familiar with machine learning and statistics.
Business Analyst,IBM,"Austin, TX","$100,000+",Looking for someone with experience in Python and SQL.
Data Analyst,Netflix,"Austin, TX","$100,000+",Familiar with machine learning and statistics.
Data Scientist,Amazon,"Chicago, IL",Not listed,Strong communication and analytical thinking.
ML Engineer,Netflix,"San Francisco, CA","$60,000 - $80,000","Must know Excel, Tableau, and Power BI."
ML Engineer,Microsoft,Remote,"$70,000 - $90,000",Looking for someone with experience in Python and SQL.
Data Scientist,Amazon,"Austin, TX","$60,000 - $80,000","Need R, AWS, and cloud experience."
ML Engineer,IBM,"Austin, TX","$70,000 - $90,000",Strong communication and analytical thinking.
Business Analyst,Facebook,"Austin, TX","$100,000+",Strong communication and analytical thinking.
Data Scientist,Facebook,"New York, NY","$70,000 - $90,000",Strong communication and analytical thinking.
Business Analyst,Microsoft,"San Francisco, CA","$100,000+","Need R, AWS, and cloud experience."
ML Engineer,Netflix,"San Francisco, CA","$70,000 - $90,000",Strong communication and analytical thinking.
Data Scientist,IBM,"Chicago, IL","$70,000 - $90,000",Strong communication and analytical thinking.
ML Engineer,Facebook,"Chicago, IL","$60,000 - $80,000",Looking for someone with experience in Python and SQL.
ML Engineer,Amazon,"San Francisco, CA",Not listed,Looking for someone with experience in Python and SQL.
ML Engineer,IBM,"San Francisco, CA",Not listed,Familiar with machine learning and statistics.
ML Engineer,IBM,"Chicago, IL","$70,000 - $90,000",Looking for someone with experience in Python and SQL.
Business Analyst,IBM,"New York, NY","$100,000+",Strong communication and analytical thinking.
ML Engineer,Facebook,"Chicago, IL","$100,000+","Must know Excel, Tableau, and Power BI."
ML Engineer,Facebook,"San Francisco, CA","$60,000 - $80,000","Need R, AWS, and cloud experience."
Data Analyst,Facebook,"New York, NY","$100,000+","Need R, AWS, and cloud experience."
Data Analyst,IBM,"San Francisco, CA","$60,000 - $80,000",Familiar with machine learning and statistics.
Business Analyst,Netflix,Remote,"$100,000+",Looking for someone with experience in Python and SQL.
Business Analyst,Google,"Chicago, IL","$100,000+","Need R, AWS, and cloud experience."
Data Scientist,Netflix,"Chicago, IL","$70,000 - $90,000",Looking for someone with experience in Python and SQL.
Data Scientist,Facebook,"Chicago, IL",Not listed,"Need R, AWS, and cloud experience."
ML Engineer,IBM,"San Francisco, CA","$100,000+","Need R, AWS, and cloud experience."
Data Analyst,Facebook,Remote,"$60,000 - $80,000","Need R, AWS, and cloud experience."
Data Scientist,Facebook,"Austin, TX","$100,000+",Familiar with machine learning and statistics.
Business Analyst,IBM,"Austin, TX","$60,000 - $80,000","Need R, AWS, and cloud experience."
Data Scientist,IBM,"Austin, TX","$70,000 - $90,000","Must know Excel, Tableau, and Power BI."
ML Engineer,Microsoft,"Chicago, IL","$70,000 - $90,000",Looking for someone with experience in Python and SQL.
Data Analyst,Microsoft,"New York, NY",Not listed,"Must know Excel, Tableau, and Power BI."
Business Analyst,IBM,"Chicago, IL","$100,000+","Must know Excel, Tableau, and Power BI."
Data Analyst,Facebook,Remote,Not listed,"Must know Excel, Tableau, and Power BI."
Business Analyst,Facebook,Remote,"$60,000 - $80,000","Need R, AWS, and cloud experience."
Data Analyst,Google,"Austin, TX","$100,000+",Looking for someone with experience in Python and SQL.
Data Scientist,IBM,"New York, NY","$60,000 - $80,000",Looking for someone with experience in Python and SQL.
Data Scientist,Google,Remote,Not listed,Strong communication and analytical thinking.
Business Analyst,Amazon,"Austin, TX","$60,000 - $80,000",Looking for someone with experience in Python and SQL.
ML Engineer,Google,"Chicago, IL","$60,000 - $80,000","Need R, AWS, and cloud experience."
ML Engineer,Netflix,"Austin, TX","$100,000+",Familiar with machine learning and statistics.
Business Analyst,Netflix,"San Francisco, CA","$70,000 - $90,000","Need R, AWS, and cloud experience."
Data Scientist,Amazon,"New York, NY","$70,000 - $90,000","Need R, AWS, and cloud experience."
Business Analyst,Amazon,"San Francisco, CA","$100,000+",Looking for someone with experience in Python and SQL.
Data Analyst,Netflix,"Austin, TX","$60,000 - $80,000","Must know Excel, Tableau, and Power BI."
Data Scientist,Google,"Chicago, IL","$100,000+",Strong communication and analytical thinking.
ML Engineer,Microsoft,"Chicago, IL","$100,000+",Looking for someone with experience in Python and SQL.
ML Engineer,IBM,"Austin, TX","$100,000+",Looking for someone with experience in Python and SQL.
ML Engineer,Google,"New York, NY",Not listed,"Must know Excel, Tableau, and Power BI."
ML Engineer,Netflix,"Austin, TX","$60,000 - $80,000","Need R, AWS, and cloud experience."
Data Scientist,Facebook,"New York, NY",Not listed,"Need R, AWS, and cloud experience."
ML Engineer,Facebook,"Austin, TX","$60,000 - $80,000","Need R, AWS, and cloud experience."
Data Scientist,Amazon,"New York, NY","$60,000 - $80,000",Looking for someone with experience in Python and SQL.
Data Analyst,IBM,"Chicago, IL","$100,000+","Must know Excel, Tableau, and Power BI."
Data Analyst,Amazon,"Chicago, IL","$70,000 - $90,000",Familiar with machine learning and statistics.
Business Analyst,Facebook,"Chicago, IL","$70,000 - $90,000","Must know Excel, Tableau, and Power BI."
Business Analyst,Google,"San Francisco, CA","$100,000+","Need R, AWS, and cloud experience."
Business Analyst,Microsoft,Remote,"$70,000 - $90,000",Strong communication and analytical thinking.
Business Analyst,Microsoft,"Chicago, IL",Not listed,"Need R, AWS, and cloud experience."
Business Analyst,Facebook,"San Francisco, CA","$70,000 - $90,000",Familiar with machine learning and statistics.
Data Scientist,Amazon,"San Francisco, CA","$70,000 - $90,000",Strong communication and analytical thinking.
Data Scientist,Netflix,"Austin, TX","$100,000+",Looking for someone with experience in Python and SQL.
ML Engineer,Facebook,"Chicago, IL","$100,000+",Looking for someone with experience in Python and SQL.
Business Analyst,Microsoft,Remote,"$60,000 - $80,000","Need R, AWS, and cloud experience."
Business Analyst,Facebook,Remote,"$70,000 - $90,000","Must know Excel, Tableau, and Power BI."
Business Analyst,Google,"Austin, TX","$70,000 - $90,000",Looking for someone with experience in Python and SQL.
Data Analyst,Amazon,"Austin, TX","$70,000 - $90,000",Strong communication and analytical thinking.
ML Engineer,Google,"New York, NY",Not listed,Looking for someone with experience in Python and SQL.
Data Analyst,IBM,"San Francisco, CA","$60,000 - $80,000","Must know Excel, Tableau, and Power BI."
Data Analyst,Google,"New York, NY","$70,000 - $90,000","Must know Excel, Tableau, and Power BI."
ML Engineer,Microsoft,"Austin, TX","$100,000+",Familiar with machine learning and statistics.
Data Analyst,Microsoft,"San Francisco, CA","$70,000 - $90,000",Familiar with machine learning and statistics.
ML Engineer,Amazon,"San Francisco, CA",Not listed,"Need R, AWS, and cloud experience."
Data Analyst,IBM,"Austin, TX",Not listed,Looking for someone with experience in Python and SQL.
Data Scientist,Google,Remote,"$100,000+","Need R, AWS, and cloud experience."
Data Scientist,Facebook,"Austin, TX","$100,000+","Need R, AWS, and cloud experience."
Data Scientist,Microsoft,"San Francisco, CA",Not listed,Strong communication and analytical thinking.
ML Engineer,IBM,"New York, NY",Not listed,"Need R, AWS, and cloud experience."
ML Engineer,Netflix,Remote,"$60,000 - $80,000","Need R, AWS, and cloud experience."
Data Scientist,Facebook,"Chicago, IL",Not listed,"Need R, AWS, and cloud experience."
Business Analyst,IBM,"New York, NY","$60,000 - $80,000",Familiar with machine learning and statistics.
Business Analyst,Netflix,"San Francisco, CA","$70,000 - $90,000",Strong communication and analytical thinking.
ML Engineer,Amazon,Remote,"$60,000 - $80,000","Must know Excel, Tableau, and Power BI."
ML Engineer,Microsoft,Remote,"$60,000 - $80,000",Familiar with machine learning and statistics.
Business Analyst,Microsoft,Remote,"$100,000+",Looking for someone with experience in Python and SQL.
Business Analyst,IBM,Remote,"$70,000 - $90,000",Familiar with machine learning and statistics.
ML Engineer,IBM,"Chicago, IL","$70,000 - $90,000","Must know Excel, Tableau, and Power BI."
ML Engineer,Microsoft,"Chicago, IL","$100,000+",Familiar with machine learning and statistics.
ML Engineer,Microsoft,"Austin, TX","$70,000 - $90,000","Need R, AWS, and cloud experience."
Business Analyst,Google,"Chicago, IL","$70,000 - $90,000",Looking for someone with experience in Python and SQL.
Business Analyst,Microsoft,"San Francisco, CA","$100,000+","Need R, AWS, and cloud experience."
ML Engineer,Facebook,"Austin, TX","$60,000 - $80,000",Familiar with machine learning and statistics.
Data Scientist,Netflix,"San Francisco, CA","$70,000 - $90,000",Strong communication and analytical thinking.
Data Analyst,Google,"Chicago, IL","$100,000+",Looking for someone with experience in Python and SQL.
ML Engineer,IBM,"Austin, TX","$70,000 - $90,000",Looking for someone with experience in Python and SQL.
Data Analyst,Amazon,Remote,"$100,000+",Strong communication and analytical thinking.
Data Scientist,Google,"Austin, TX","$70,000 - $90,000",Strong communication and analytical thinking.
Data Analyst,Netflix,"Austin, TX","$60,000 - $80,000","Must know Excel, Tableau, and Power BI."
Data Analyst,Netflix,"Austin, TX","$70,000 - $90,000",Looking for someone with experience in Python and SQL.
ML Engineer,IBM,"Chicago, IL",Not listed,Strong communication and analytical thinking.
Data Scientist,Amazon,"San Francisco, CA","$100,000+","Must know Excel, Tableau, and Power BI."
Data Scientist,Netflix,Remote,"$60,000 - $80,000",Familiar with machine learning and statistics.
Data Analyst,IBM,Remote,"$60,000 - $80,000","Must know Excel, Tableau, and Power BI."
Data Scientist,Google,"Austin, TX","$60,000 - $80,000","Need R, AWS, and cloud experience."
Data Scientist,Netflix,"New York, NY","$60,000 - $80,000","Must know Excel, Tableau, and Power BI."
ML Engineer,Google,"San Francisco, CA","$60,000 - $80,000",Strong communication and analytical thinking.
Business Analyst,Microsoft,"San Francisco, CA","$70,000 - $90,000",Looking for someone with experience in Python and SQL.
Data Analyst,Microsoft,"San Francisco, CA","$60,000 - $80,000",Strong communication and analytical thinking.
Data Scientist,Google,"New York, NY","$100,000+","Need R, AWS, and cloud experience."
Data Analyst,Amazon,Remote,"$100,000+",Looking for someone with experience in Python and SQL.
Data Scientist,IBM,"Austin, TX",Not listed,"Need R, AWS, and cloud experience."
Data Analyst,Netflix,"Austin, TX","$100,000+",Strong communication and analytical thinking.
Business Analyst,Netflix,"San Francisco, CA",Not listed,Familiar with machine learning and statistics.
Data Analyst,Microsoft,"New York, NY",Not listed,Familiar with machine learning and statistics.
Data Analyst,Facebook,"New York, NY",Not listed,Familiar with machine learning and statistics.
Data Analyst,Amazon,"Austin, TX","$60,000 - $80,000","Need R, AWS, and cloud experience."
ML Engineer,Amazon,"New York, NY","$70,000 - $90,000",Familiar with machine learning and statistics.
Data Analyst,Facebook,"New York, NY","$100,000+","Must know Excel, Tableau, and Power BI."
Data Analyst,Netflix,"Austin, TX","$70,000 - $90,000",Strong communication and analytical thinking.
Data Scientist,IBM,"San Francisco, CA",Not listed,Familiar with machine learning and statistics.
ML Engineer,Netflix,"Austin, TX","$70,000 - $90,000","Must know Excel, Tableau, and Power BI."
Business Analyst,Microsoft,"New York, NY","$100,000+","Need R, AWS, and cloud experience."
Data Analyst,Google,"Chicago, IL",Not listed,Familiar with machine learning and statistics.
Data Analyst,Microsoft,Remote,Not listed,Familiar with machine learning and statistics.
Data Scientist,Google,"San Francisco, CA",Not listed,"Must know Excel, Tableau, and Power BI."
Business Analyst,Google,"Austin, TX","$100,000+",Looking for someone with experience in Python and SQL.
Data Scientist,Netflix,"New York, NY","$60,000 - $80,000",Strong communication and analytical thinking.
Data Analyst,Google,Remote,Not listed,"Must know Excel, Tableau, and Power BI."
ML Engineer,Microsoft,"Austin, TX",Not listed,Familiar with machine learning and statistics.
Business Analyst,Amazon,Remote,"$60,000 - $80,000",Strong communication and analytical thinking.
Data Analyst,Facebook,Remote,"$100,000+",Strong communication and analytical thinking.
ML Engineer,IBM,"San Francisco, CA",Not listed,Strong communication and analytical thinking.
Business Analyst,Amazon,"San Francisco, CA","$70,000 - $90,000",Looking for someone with experience in Python and SQL.
Data Scientist,Netflix,"Austin, TX",Not listed,Strong communication and analytical thinking.
Data Scientist,IBM,"San Francisco, CA","$100,000+","Must know Excel, Tableau, and Power BI."
Business Analyst,Microsoft,"Chicago, IL","$70,000 - $90,000",Strong communication and analytical thinking.
ML Engineer,Google,"Austin, TX","$70,000 - $90,000",Familiar with machine learning and statistics.
ML Engineer,Google,"Chicago, IL","$60,000 - $80,000","Must know Excel, Tableau, and Power BI."
Data Analyst,Facebook,"Austin, TX",Not listed,Familiar with machine learning and statistics.
Data Scientist,Facebook,"Chicago, IL","$70,000 - $90,000",Strong communication and analytical thinking.
Business Analyst,Amazon,"Chicago, IL","$70,000 - $90,000",Looking for someone with experience in Python and SQL.
Data Scientist,Microsoft,"San Francisco, CA","$60,000 - $80,000","Need R, AWS, and cloud experience."
Data Analyst,Google,"Chicago, IL","$100,000+","Need R, AWS, and cloud experience."
Data Analyst,Facebook,"New York, NY","$100,000+",Looking for someone with experience in Python and SQL.
Data Scientist,Microsoft,Remote,"$60,000 - $80,000","Need R, AWS, and cloud experience."
ML Engineer,Amazon,"Austin, TX",Not listed,"Need R, AWS, and cloud experience."
ML Engineer,Netflix,"Chicago, IL","$60,000 - $80,000","Must know Excel, Tableau, and Power BI."
Business Analyst,Facebook,"New York, NY","$70,000 - $90,000",Familiar with machine learning and statistics.
Data Analyst,Amazon,"Chicago, IL","$100,000+","Need R, AWS, and cloud experience."
ML Engineer,IBM,"Chicago, IL","$70,000 - $90,000","Need R, AWS, and cloud experience."
ML Engineer,Google,"New York, NY","$60,000 - $80,000",Looking for someone with experience in Python and SQL.
Data Analyst,Netflix,"San Francisco, CA",Not listed,"Need R, AWS, and cloud experience."
Data Scientist,Facebook,Remote,Not listed,Looking for someone with experience in Python and SQL.
Business Analyst,Microsoft,Remote,"$70,000 - $90,000","Must know Excel, Tableau, and Power BI."
Data Scientist,Facebook,"New York, NY",Not listed,Strong communication and analytical thinking.
Business Analyst,Amazon,"New York, NY","$70,000 - $90,000","Need R, AWS, and cloud experience."
Data Scientist,Amazon,"Austin, TX","$70,000 - $90,000",Strong communication and analytical thinking.
Data Analyst,IBM,"San Francisco, CA","$60,000 - $80,000",Familiar with machine learning and statistics.
Business Analyst,Google,Remote,"$60,000 - $80,000","Need R, AWS, and cloud experience."
Data Analyst,Google,"Chicago, IL","$100,000+","Need R, AWS, and cloud experience."
ML Engineer,Netflix,"Austin, TX","$60,000 - $80,000",Strong communication and analytical thinking.
Data Analyst,Amazon,"San Francisco, CA","$100,000+",Familiar with machine learning and statistics.
ML Engineer,IBM,Remote,"$100,000+",Looking for someone with experience in Python and SQL.
ML Engineer,Netflix,"Austin, TX","$70,000 - $90,000",Familiar with machine learning and statistics.
Data Analyst,Facebook,Remote,"$100,000+","Must know Excel, Tableau, and Power BI."
Data Analyst,Facebook,"San Francisco, CA","$60,000 - $80,000","Need R, AWS, and cloud experience."
Data Analyst,Amazon,Remote,Not listed,Looking for someone with experience in Python and SQL.
Data Scientist,Amazon,"Austin, TX","$60,000 - $80,000","Must know Excel, Tableau, and Power BI."
Business Analyst,Google,Remote,"$70,000 - $90,000",Looking for someone with experience in Python and SQL.
Data Analyst,IBM,"Chicago, IL","$60,000 - $80,000",Looking for someone with experience in Python and SQL.
Business Analyst,IBM,"Austin, TX","$100,000+","Must know Excel, Tableau, and Power BI."
Data Analyst,Facebook,"New York, NY","$60,000 - $80,000","Need R, AWS, and cloud experience."
ML Engineer,Facebook,"Chicago, IL","$60,000 - $80,000","Must know Excel, Tableau, and Power BI."
Data Analyst,Microsoft,"New York, NY","$60,000 - $80,000",Looking for someone with experience in Python and SQL.
Data Scientist,Microsoft,"Austin, TX","$60,000 - $80,000",Looking for someone with experience in Python and SQL.
ML Engineer,Microsoft,"New York, NY","$70,000 - $90,000",Looking for someone with experience in Python and SQL.
ML Engineer,IBM,"Austin, TX","$100,000+",Strong communication and analytical thinking.
ML Engineer,Facebook,"New York, NY","$100,000+","Must know Excel, Tableau, and Power BI."
ML Engineer,Amazon,"San Francisco, CA","$70,000 - $90,000",Strong communication and analytical thinking.
Data Analyst,Google,"San Francisco, CA","$100,000+",Looking for someone with experience in Python and SQL.
Business Analyst,IBM,Remote,"$100,000+","Must know Excel, Tableau, and Power BI."
Business Analyst,Netflix,"Austin, TX","$60,000 - $80,000",Looking for someone with experience in Python and SQL.
Data Scientist,Microsoft,"San Francisco, CA","$70,000 - $90,000",Strong communication and analytical thinking.
Data Scientist,IBM,"New York, NY",Not listed,Strong communication and analytical thinking.
Business Analyst,Amazon,"New York, NY",Not listed,Familiar with machine learning and statistics.
Data Scientist,Facebook,"San Francisco, CA","$70,000 - $90,000","Need R, AWS, and cloud experience."
Business Analyst,Amazon,"San Francisco, CA","$70,000 - $90,000","Need R, AWS, and cloud experience."
Data Analyst,Amazon,Remote,Not listed,"Must know Excel, Tableau, and Power BI."
ML Engineer,IBM,"Austin, TX",Not listed,Familiar with machine learning and statistics.
Data Analyst,Facebook,"San Francisco, CA",Not listed,"Must know Excel, Tableau, and Power BI."
ML Engineer,Amazon,"San Francisco, CA",Not listed,Familiar with machine learning and statistics.
Data Analyst,Google,"San Francisco, CA",Not listed,"Must know Excel, Tableau, and Power BI."
Business Analyst,Google,"Austin, TX","$60,000 - $80,000",Looking for someone with experience in Python and SQL.
Business Analyst,Amazon,Remote,"$70,000 - $90,000",Familiar with machine learning and statistics.
ML Engineer,IBM,"San Francisco, CA","$70,000 - $90,000",Familiar with machine learning and statistics.
Business Analyst,Microsoft,"Chicago, IL","$70,000 - $90,000",Looking for someone with experience in Python and SQL.
Data Analyst,Microsoft,"Austin, TX","$100,000+",Looking for someone with experience in Python and SQL.
Data Scientist,Microsoft,"Chicago, IL","$60,000 - $80,000","Must know Excel, Tableau, and Power BI."
Data Scientist,IBM,"Austin, TX","$70,000 - $90,000",Looking for someone with experience in Python and SQL.
Business Analyst,Facebook,"San Francisco, CA",Not listed,Looking for someone with experience in Python and SQL.
Data Scientist,Google,"New York, NY","$60,000 - $80,000","Need R, AWS, and cloud experience."
Business Analyst,Facebook,"New York, NY","$70,000 - $90,000",Looking for someone with experience in Python and SQL.
Data Scientist,Amazon,"San Francisco, CA","$70,000 - $90,000",Looking for someone with experience in Python and SQL.
Business Analyst,Netflix,Remote,"$100,000+","Must know Excel, Tableau, and Power BI."
ML Engineer,Facebook,"Chicago, IL","$70,000 - $90,000",Looking for someone with experience in Python and SQL.
ML Engineer,Microsoft,"Chicago, IL",Not listed,"Need R, AWS, and cloud experience."
Business Analyst,IBM,"Austin, TX","$70,000 - $90,000","Must know Excel, Tableau, and Power BI."
Data Analyst,Amazon,"New York, NY","$100,000+",Looking for someone with experience in Python and SQL.
ML Engineer,IBM,Remote,"$70,000 - $90,000",Familiar with machine learning and statistics.
ML Engineer,Google,"San Francisco, CA","$100,000+",Looking for someone with experience in Python and SQL.
ML Engineer,Netflix,"Chicago, IL","$70,000 - $90,000","Need R, AWS, and cloud experience."
Data Scientist,Microsoft,"New York, NY",Not listed,"Must know Excel, Tableau, and Power BI."
ML Engineer,Netflix,Remote,"$100,000+",Strong communication and analytical thinking.
Business Analyst,Facebook,Remote,"$70,000 - $90,000","Must know Excel, Tableau, and Power BI."
Data Analyst,Amazon,Remote,"$100,000+","Need R, AWS, and cloud experience."
ML Engineer,Amazon,"Chicago, IL","$100,000+",Strong communication and analytical thinking.
ML Engineer,Google,"San Francisco, CA","$70,000 - $90,000",Looking for someone with experience in Python and SQL.
ML Engineer,Microsoft,"San Francisco, CA","$60,000 - $80,000","Must know Excel, Tableau, and Power BI."
Data Scientist,Netflix,Remote,"$100,000+","Need R, AWS, and cloud experience."
Data Scientist,Amazon,Remote,"$100,000+","Need R, AWS, and cloud experience."
Data Scientist,Microsoft,"New York, NY","$100,000+",Familiar with machine learning and statistics.
Business Analyst,Amazon,"San Francisco, CA",Not listed,Familiar with machine learning and statistics.
ML Engineer,Google,"Austin, TX","$100,000+",Familiar with machine learning and statistics.
ML Engineer,Facebook,Remote,"$70,000 - $90,000",Strong communication and analytical thinking.
Data Scientist,Microsoft,"Chicago, IL","$100,000+",Looking for someone with experience in Python and SQL.
Data Scientist,Microsoft,"Chicago, IL",Not listed,Looking for someone with experience in Python and SQL.
Data Analyst,Microsoft,"San Francisco, CA","$60,000 - $80,000",Looking for someone with experience in Python and SQL.
Data Analyst,Google,"New York, NY","$100,000+","Must know Excel, Tableau, and Power BI."
Business Analyst,IBM,"Austin, TX","$70,000 - $90,000",Familiar with machine learning and statistics.
ML Engineer,IBM,Remote,"$60,000 - $80,000",Familiar with machine learning and statistics.
Business Analyst,Google,"Chicago, IL","$100,000+",Familiar with machine learning and statistics.
Business Analyst,Microsoft,"Chicago, IL",Not listed,"Need R, AWS, and cloud experience."
Data Scientist,Microsoft,"San Francisco, CA","$100,000+","Must know Excel, Tableau, and Power BI."
Business Analyst,Google,Remote,"$70,000 - $90,000","Need R, AWS, and cloud experience."
ML Engineer,Microsoft,"San Francisco, CA","$60,000 - $80,000",Looking for someone with experience in Python and SQL.
ML Engineer,Netflix,"New York, NY",Not listed,"Must know Excel, Tableau, and Power BI."
ML Engineer,Facebook,"Austin, TX","$100,000+",Strong communication and analytical thinking.
Business Analyst,Facebook,"San Francisco, CA",Not listed,Strong communication and analytical thinking.
Data Scientist,Facebook,Remote,"$100,000+",Familiar with machine learning and statistics.
Data Analyst,IBM,"Chicago, IL","$60,000 - $80,000","Must know Excel, Tableau, and Power BI."
ML Engineer,Facebook,"New York, NY","$70,000 - $90,000",Strong communication and analytical thinking.
ML Engineer,IBM,"Chicago, IL","$70,000 - $90,000",Strong communication and analytical thinking.
Data Scientist,Microsoft,"Chicago, IL","$70,000 - $90,000",Strong communication and analytical thinking.
Data Analyst,IBM,"Chicago, IL",Not listed,Looking for someone with experience in Python and SQL.
Data Scientist,Microsoft,"San Francisco, CA","$60,000 - $80,000","Must know Excel, Tableau, and Power BI."
Data Scientist,Facebook,"San Francisco, CA",Not listed,"Need R, AWS, and cloud experience."
Data Scientist,Google,Remote,"$70,000 - $90,000",Looking for someone with experience in Python and SQL.
Data Analyst,Netflix,"New York, NY",Not listed,Looking for someone with experience in Python and SQL.
Data Scientist,Amazon,"San Francisco, CA","$70,000 - $90,000","Need R, AWS, and cloud experience."
Data Scientist,Microsoft,"Austin, TX",Not listed,"Must know Excel, Tableau, and Power BI."
Data Analyst,Google,Remote,"$100,000+",Familiar with machine learning and statistics.
Data Scientist,Amazon,"New York, NY",Not listed,"Must know Excel, Tableau, and Power BI."
Data Scientist,Microsoft,Remote,"$100,000+",Strong communication and analytical thinking.
Data Scientist,Google,"New York, NY","$60,000 - $80,000",Strong communication and analytical thinking.
Data Analyst,Amazon,"San Francisco, CA","$100,000+",Strong communication and analytical thinking.
ML Engineer,Facebook,"New York, NY",Not listed,"Need R, AWS, and cloud experience."
Business Analyst,Amazon,"Chicago, IL","$60,000 - $80,000","Must know Excel, Tableau, and Power BI."
Data Analyst,Facebook,"San Francisco, CA","$100,000+","Must know Excel, Tableau, and Power BI."
Business Analyst,Netflix,"Austin, TX","$70,000 - $90,000",Strong communication and analytical thinking.
ML Engineer,Facebook,"San Francisco, CA","$70,000 - $90,000",Strong communication and analytical thinking.
ML Engineer,Google,Remote,"$70,000 - $90,000","Need R, AWS, and cloud experience."
Data Analyst,Google,"Chicago, IL","$70,000 - $90,000","Must know Excel, Tableau, and Power BI."
ML Engineer,Google,"Austin, TX","$60,000 - $80,000","Must know Excel, Tableau, and Power BI."
ML Engineer,Microsoft,"San Francisco, CA","$60,000 - $80,000",Looking for someone with experience in Python and SQL.
Data Scientist,Netflix,"New York, NY","$100,000+","Need R, AWS, and cloud experience."
Business Analyst,IBM,"San Francisco, CA","$70,000 - $90,000",Strong communication and analytical thinking.
Data Scientist,Netflix,"Austin, TX",Not listed,Looking for someone with experience in Python and SQL.
Data Scientist,Google,"New York, NY","$100,000+","Must know Excel, Tableau, and Power BI."
Data Analyst,Google,"Austin, TX","$100,000+",Strong communication and analytical thinking.
ML Engineer,Microsoft,"Chicago, IL",Not listed,"Need R, AWS, and cloud experience."
Data Scientist,Microsoft,"Austin, TX","$60,000 - $80,000",Looking for someone with experience in Python and SQL.
Data Scientist,Google,"New York, NY",Not listed,Strong communication and analytical thinking.
Data Analyst,Google,"San Francisco, CA","$70,000 - $90,000",Looking for someone with experience in Python and SQL.
ML Engineer,IBM,"Austin, TX","$60,000 - $80,000",Looking for someone with experience in Python and SQL.
ML Engineer,Netflix,"Austin, TX",Not listed,"Need R, AWS, and cloud experience."
Data Scientist,Microsoft,"Austin, TX","$60,000 - $80,000",Looking for someone with experience in Python and SQL.
Data Scientist,Netflix,Remote,"$100,000+","Must know Excel, Tableau, and Power BI."
Data Analyst,Facebook,"New York, NY","$100,000+",Familiar with machine learning and statistics.
Data Analyst,Facebook,"New York, NY","$70,000 - $90,000",Familiar with machine learning and statistics.
ML Engineer,Netflix,"Austin, TX","$70,000 - $90,000","Must know Excel, Tableau, and Power BI."
ML Engineer,Netflix,"Chicago, IL","$60,000 - $80,000",Familiar with machine learning and statistics.
ML Engineer,IBM,"Chicago, IL","$60,000 - $80,000",Looking for someone with experience in Python and SQL.
Data Scientist,IBM,Remote,Not listed,Familiar with machine learning and statistics.
Business Analyst,Facebook,"Chicago, IL","$70,000 - $90,000",Familiar with machine learning and statistics.
Data Analyst,Netflix,"New York, NY","$100,000+",Familiar with machine learning and statistics.
Business Analyst,Netflix,"Austin, TX",Not listed,Strong communication and analytical thinking.
Business Analyst,Netflix,"San Francisco, CA","$60,000 - $80,000",Strong communication and analytical thinking.
Data Scientist,Google,"Chicago, IL","$60,000 - $80,000",Strong communication and analytical thinking.
ML Engineer,Amazon,"New York, NY",Not listed,"Need R, AWS, and cloud experience."
Business Analyst,Microsoft,"Austin, TX","$60,000 - $80,000","Need R, AWS, and cloud experience."
Data Analyst,Google,Remote,"$60,000 - $80,000",Familiar with machine learning and statistics.
Business Analyst,IBM,"Chicago, IL","$70,000 - $90,000","Must know Excel, Tableau, and Power BI."
Data Analyst,Amazon,Remote,"$60,000 - $80,000","Need R, AWS, and cloud experience."
ML Engineer,Google,"Chicago, IL","$60,000 - $80,000",Familiar with machine learning and statistics.
Data Analyst,Facebook,"New York, NY",Not listed,"Need R, AWS, and cloud experience."
Data Analyst,Netflix,"New York, NY",Not listed,"Must know Excel, Tableau, and Power BI."
ML Engineer,IBM,"Austin, TX","$70,000 - $90,000","Must know Excel, Tableau, and Power BI."
Data Analyst,Microsoft,"Austin, TX","$60,000 - $80,000",Familiar with machine learning and statistics.
ML Engineer,Google,"Chicago, IL","$70,000 - $90,000","Must know Excel, Tableau, and Power BI."
Business Analyst,Netflix,"New York, NY","$60,000 - $80,000",Strong communication and analytical thinking.
Business Analyst,IBM,"New York, NY","$70,000 - $90,000",Familiar with machine learning and statistics.
Data Scientist,IBM,Remote,"$70,000 - $90,000","Need R, AWS, and cloud experience."
Data Analyst,Netflix,"Austin, TX","$70,000 - $90,000",Familiar with machine learning and statistics.
Data Analyst,Amazon,"New York, NY","$60,000 - $80,000","Must know Excel, Tableau, and Power BI."
Business Analyst,IBM,"San Francisco, CA","$60,000 - $80,000",Strong communication and analytical thinking.
Data Scientist,IBM,"Chicago, IL","$100,000+",Looking for someone with experience in Python and SQL.
Data Scientist,Microsoft,"Chicago, IL","$100,000+",Familiar with machine learning and statistics.
Data Analyst,Google,"New York, NY","$70,000 - $90,000","Must know Excel, Tableau, and Power BI."
ML Engineer,Google,Remote,"$70,000 - $90,000","Must know Excel, Tableau, and Power BI."
ML Engineer,IBM,"Chicago, IL","$60,000 - $80,000","Must know Excel, Tableau, and Power BI."
Business Analyst,Google,"Austin, TX",Not listed,Familiar with machine learning and statistics.
Data Scientist,Netflix,"Chicago, IL","$100,000+",Familiar with machine learning and statistics.
Data Analyst,Amazon,"San Francisco, CA",Not listed,"Must know Excel, Tableau, and Power BI."
Business Analyst,Facebook,"San Francisco, CA","$60,000 - $80,000",Familiar with machine learning and statistics.
Data Scientist,Netflix,"New York, NY","$60,000 - $80,000",Looking for someone with experience in Python and SQL.
Data Analyst,IBM,"New York, NY","$100,000+",Strong communication and analytical thinking.
Business Analyst,IBM,"New York, NY","$60,000 - $80,000",Familiar with machine learning and statistics.
Data Analyst,Microsoft,Remote,"$70,000 - $90,000",Familiar with machine learning and statistics.
Business Analyst,Google,"Chicago, IL","$100,000+","Must know Excel, Tableau, and Power BI."
Data Scientist,Amazon,Remote,"$60,000 - $80,000",Familiar with machine learning and statistics.
Business Analyst,Netflix,"San Francisco, CA","$100,000+",Strong communication and analytical thinking.
Business Analyst,Microsoft,"Chicago, IL",Not listed,Looking for someone with experience in Python and SQL.
Data Scientist,Netflix,"Austin, TX","$100,000+",Familiar with machine learning and statistics.
Data Analyst,Netflix,"New York, NY","$100,000+",Familiar with machine learning and statistics.
Data Scientist,Microsoft,Remote,"$70,000 - $90,000",Strong communication and analytical thinking.
ML Engineer,Netflix,"Chicago, IL","$100,000+","Must know Excel, Tableau, and Power BI."
ML Engineer,Netflix,Remote,"$60,000 - $80,000",Familiar with machine learning and statistics.
ML Engineer,Amazon,"Austin, TX","$100,000+",Familiar with machine learning and statistics.
Data Analyst,IBM,"San Francisco, CA",Not listed,Looking for someone with experience in Python and SQL.
ML Engineer,Facebook,"New York, NY","$60,000 - $80,000",Familiar with machine learning and statistics.
ML Engineer,Google,"San Francisco, CA",Not listed,Familiar with machine learning and statistics.
Data Scientist,Amazon,"San Francisco, CA","$70,000 - $90,000",Strong communication and analytical thinking.
Data Analyst,Facebook,"New York, NY","$100,000+",Strong communication and analytical thinking.
Business Analyst,Google,Remote,"$70,000 - $90,000",Strong communication and analytical thinking.
ML Engineer,IBM,"New York, NY","$100,000+",Looking for someone with experience in Python and SQL.
ML Engineer,IBM,"San Francisco, CA",Not listed,"Must know Excel, Tableau, and Power BI."
Business Analyst,Facebook,"Austin, TX","$70,000 - $90,000",Strong communication and analytical thinking.
Data Analyst,IBM,"New York, NY","$100,000+",Familiar with machine learning and statistics.
Data Scientist,Netflix,"Chicago, IL",Not listed,Looking for someone with experience in Python and SQL.
Data Analyst,Microsoft,"New York, NY","$60,000 - $80,000",Familiar with machine learning and statistics.
Business Analyst,Netflix,"New York, NY","$70,000 - $90,000","Need R, AWS, and cloud experience."
Data Analyst,Google,Remote,"$60,000 - $80,000","Must know Excel, Tableau, and Power BI."
ML Engineer,Microsoft,"San Francisco, CA","$100,000+",Strong communication and analytical thinking.
Data Analyst,Google,"Austin, TX","$70,000 - $90,000",Looking for someone with experience in Python and SQL.
Data Analyst,Facebook,"Austin, TX","$100,000+",Familiar with machine learning and statistics.
Data Analyst,IBM,Remote,Not listed,"Need R, AWS, and cloud experience."
Data Analyst,Amazon,"Austin, TX",Not listed,"Need R, AWS, and cloud experience."
Business Analyst,Microsoft,"New York, NY",Not listed,Strong communication and analytical thinking.
ML Engineer,Microsoft,"Austin, TX","$100,000+","Need R, AWS, and cloud experience."
Data Analyst,Google,"New York, NY",Not listed,Familiar with machine learning and statistics.
Business Analyst,IBM,Remote,"$70,000 - $90,000",Looking for someone with experience in Python and SQL.
Data Analyst,Amazon,"Chicago, IL","$60,000 - $80,000",Familiar with machine learning and statistics.
ML Engineer,IBM,"San Francisco, CA","$70,000 - $90,000","Need R, AWS, and cloud experience."
Business Analyst,Microsoft,"San Francisco, CA",Not listed,Looking for someone with experience in Python and SQL.
ML Engineer,Netflix,"New York, NY",Not listed,Looking for someone with experience in Python and SQL.
Data Analyst,Microsoft,Remote,"$100,000+","Need R, AWS, and cloud experience."
Business Analyst,Facebook,"New York, NY","$60,000 - $80,000","Need R, AWS, and cloud experience."
Data Analyst,Facebook,"Austin, TX","$100,000+","Need R, AWS, and cloud experience."
Data Scientist,Amazon,"New York, NY","$100,000+",Looking for someone with experience in Python and SQL.
Data Scientist,IBM,"San Francisco, CA","$60,000 - $80,000",Strong communication and analytical thinking.
Data Analyst,Amazon,"Austin, TX","$60,000 - $80,000",Strong communication and analytical thinking.
Business Analyst,Microsoft,Remote,"$60,000 - $80,000",Looking for someone with experience in Python and SQL.
